"individual.local.identifier","species","stop_id","timestamp","lc","location.long","location.lat"
"KCL","HUGO",56,2019-08-26 13:30:00,"G",-65.2188581478051,-15.9090012585263
"KCL","HUGO",56,2019-08-26 13:30:00,"G",-65.2189221404611,-15.9090632688517
"KCL","HUGO",56,2019-08-26 13:30:00,"G",-65.2188711736121,-15.9090015652027
"KCL","HUGO",56,2019-08-26 13:30:00,"G",-65.2189102386635,-15.9091070608094
"KCL","HUGO",56,2019-08-26 13:30:00,"G",-65.2188663721768,-15.9090171378032
"KCL","HUGO",56,2019-08-26 13:30:00,"G",-65.2189095962572,-15.9090322856669
"KCL","HUGO",56,2019-08-26 13:30:00,"G",-65.2189222231092,-15.9090071607526
"KCL","HUGO",56,2019-08-26 13:30:00,"G",-65.218832841234,-15.9090584491642
"KCL","HUGO",56,2019-08-26 13:30:00,"G",-65.2188076770348,-15.909025707059
"KCL","HUGO",56,2019-08-26 13:30:00,"G",-65.218833530106,-15.909055963232
"KCL","HUGO",56,2019-08-26 13:30:00,"G",-65.2190500076125,-15.9090526487718
"KCL","HUGO",56,2019-08-26 13:30:00,"G",-65.2189228307165,-15.9089909288532
"KCL","HUGO",56,2019-08-26 13:30:00,"G",-65.2189789969562,-15.9089803152606
"KCL","HUGO",56,2019-08-26 13:30:00,"G",-65.2188495590443,-15.9090291143335
"KCL","HUGO",56,2019-08-26 13:30:00,"G",-65.2187745197962,-15.9089314418916
"KCL","HUGO",56,2019-08-26 13:30:00,"G",-65.218901327063,-15.9090279553671
"KCL","HUGO",56,2019-08-26 13:30:00,"G",-65.2190008775661,-15.9090414368876
"KCL","HUGO",56,2019-08-26 13:30:00,"G",-65.2188889242545,-15.9089752788957
"KCL","HUGO",56,2019-08-26 13:30:00,"G",-65.2189175963863,-15.9089620840702
"KCL","HUGO",56,2019-08-26 13:30:00,"G",-65.2187654063459,-15.908974775046
"KCL","HUGO",56,2019-08-26 13:30:00,"G",-65.2188718048863,-15.909032719905
"KCL","HUGO",56,2019-08-26 13:30:00,"G",-65.2187405795129,-15.9089891990844
"KCL","HUGO",56,2019-08-26 13:30:00,"G",-65.2189403044305,-15.9089700420594
"KCL","HUGO",56,2019-08-26 13:30:00,"G",-65.2189078874491,-15.9090437800168
"KCL","HUGO",56,2019-08-26 13:30:00,"G",-65.218949938451,-15.9090846646609
"KCL","HUGO",56,2019-08-26 13:30:00,"G",-65.2190027105502,-15.909030439445
"KCL","HUGO",56,2019-08-26 13:30:00,"G",-65.2188693338167,-15.9090325431449
"KCL","HUGO",56,2019-08-26 13:30:00,"G",-65.2189095743487,-15.9090897715436
"KCL","HUGO",56,2019-08-26 13:30:00,"G",-65.218869655306,-15.9090495076673
"KCL","HUGO",56,2019-08-26 13:30:00,"G",-65.2188143967574,-15.9089713288861
"KCL","HUGO",56,2019-08-26 13:30:00,"G",-65.218904578255,-15.9091046292602
"KCL","HUGO",56,2019-08-26 13:30:00,"G",-65.218858971614,-15.9090486311912
"KCL","HUGO",56,2019-08-26 13:30:00,"G",-65.2189004956981,-15.9090214823364
"KCL","HUGO",56,2019-08-26 13:30:00,"G",-65.2189500789744,-15.9090559066605
"KCL","HUGO",56,2019-08-26 13:30:00,"G",-65.218849477676,-15.9090300778511
"KCL","HUGO",56,2019-08-26 13:30:00,"G",-65.2189883678489,-15.9090606385801
"KCL","HUGO",56,2019-08-26 13:30:00,"G",-65.2190068151486,-15.9090393342981
"KCL","HUGO",56,2019-08-26 13:30:00,"G",-65.2190008688131,-15.9090767083207
"KCL","HUGO",56,2019-08-26 13:30:00,"G",-65.2188972021344,-15.9090442005366
"KCL","HUGO",56,2019-08-26 13:30:00,"G",-65.2189569891874,-15.9090310230804
"KCL","HUGO",56,2019-08-26 13:30:00,"G",-65.2188425863259,-15.9090351945474
"KCL","HUGO",56,2019-08-26 13:30:00,"G",-65.2187951675958,-15.9089320445918
"KCL","HUGO",56,2019-08-26 13:30:00,"G",-65.2189583445245,-15.9090122168911
"KCL","HUGO",56,2019-08-26 13:30:00,"G",-65.2188428050267,-15.9089412826355
"KCL","HUGO",56,2019-08-26 13:30:00,"G",-65.2189130144142,-15.908980964286
"KCL","HUGO",56,2019-08-26 13:30:00,"G",-65.2189295086422,-15.9090196159564
"KCL","HUGO",56,2019-08-26 13:30:00,"G",-65.2188688503428,-15.9089428060822
"KCL","HUGO",56,2019-08-26 13:30:00,"G",-65.218909777067,-15.9090953484847
"KCL","HUGO",56,2019-08-26 13:30:00,"G",-65.2187849814654,-15.9089931664374
"KCL","HUGO",56,2019-08-26 13:30:00,"G",-65.2190373274466,-15.9090215399022
"KCL","HUGO",56,2019-08-26 13:30:00,"G",-65.2188659242543,-15.9089858235906
"KCL","HUGO",56,2019-08-26 13:30:00,"G",-65.218872155137,-15.9089420982005
"KCL","HUGO",56,2019-08-26 13:30:00,"G",-65.2190413619285,-15.9090344938562
"KCL","HUGO",56,2019-08-26 13:30:00,"G",-65.2189823807286,-15.9090755645697
"KCL","HUGO",56,2019-08-26 13:30:00,"G",-65.2189436793657,-15.9090607400545
"KCL","HUGO",56,2019-08-26 13:30:00,"G",-65.2189171258868,-15.9090102772781
"KCL","HUGO",56,2019-08-26 13:30:00,"G",-65.218841877047,-15.9089566660779
"KCL","HUGO",56,2019-08-26 13:30:00,"G",-65.2189527505354,-15.9090663364046
"KCL","HUGO",56,2019-08-26 13:30:00,"G",-65.2189287381853,-15.9090246810635
"KCL","HUGO",56,2019-08-26 13:30:00,"G",-65.2189413071397,-15.9090750400649
"KCL","HUGO",56,2019-08-26 13:30:00,"G",-65.2189794579413,-15.9090810006968
"KCL","HUGO",56,2019-08-26 13:30:00,"G",-65.2188861436551,-15.9089577001309
"KCL","HUGO",56,2019-08-26 13:30:00,"G",-65.2189011223297,-15.9090396281484
"KCL","HUGO",56,2019-08-26 13:30:00,"G",-65.218914093713,-15.9089992057436
"KCL","HUGO",56,2019-08-26 13:30:00,"G",-65.2188662732971,-15.909070847481
"KCL","HUGO",56,2019-08-26 13:30:00,"G",-65.2189243076817,-15.9090206460518
"KCL","HUGO",56,2019-08-26 13:30:00,"G",-65.2188442141856,-15.9089944748875
"KCL","HUGO",56,2019-08-26 13:30:00,"G",-65.2188665134327,-15.9089706296805
"KCL","HUGO",56,2019-08-26 13:30:00,"G",-65.2188921894412,-15.9090273120312
"KCL","HUGO",56,2019-08-26 13:30:00,"G",-65.2188900428438,-15.9090614670771
"KCL","HUGO",56,2019-08-26 13:30:00,"G",-65.2189165211438,-15.9089645230245
"KCL","HUGO",56,2019-08-26 13:30:00,"G",-65.2188619522443,-15.9090085034002
"KCL","HUGO",56,2019-08-26 13:30:00,"G",-65.2188809017442,-15.9090445297439
"KCL","HUGO",56,2019-08-26 13:30:00,"G",-65.2189976142313,-15.908986947388
"KCL","HUGO",56,2019-08-26 13:30:00,"G",-65.2190117863146,-15.9091056974688
"KCL","HUGO",56,2019-08-26 13:30:00,"G",-65.2189032730566,-15.9089739454038
"KCL","HUGO",56,2019-08-26 13:30:00,"G",-65.2188243066792,-15.9090216683539
"KCL","HUGO",56,2019-08-26 13:30:00,"G",-65.2189110473139,-15.909019057681
"KCL","HUGO",56,2019-08-26 13:30:00,"G",-65.218884892375,-15.9090353798112
"KCL","HUGO",56,2019-08-26 13:30:00,"G",-65.218952066185,-15.9090426539321
"KCL","HUGO",56,2019-08-26 13:30:00,"G",-65.2188588820143,-15.9090289035568
"KCL","HUGO",56,2019-08-26 13:30:00,"G",-65.2189586856268,-15.9089593470495
"KCL","HUGO",56,2019-08-26 13:30:00,"G",-65.218948391412,-15.9089959295858
"KCL","HUGO",56,2019-08-26 13:30:00,"G",-65.2188416448017,-15.9089319368689
"KCL","HUGO",56,2019-08-26 13:30:00,"G",-65.2189333945032,-15.9090099783383
"KCL","HUGO",56,2019-08-26 13:30:00,"G",-65.2189497929436,-15.9090042308468
"KCL","HUGO",56,2019-08-26 13:30:00,"G",-65.2188519041047,-15.9090080309739
"KCL","HUGO",56,2019-08-26 13:30:00,"G",-65.2189608286069,-15.9090830915648
"KCL","HUGO",56,2019-08-26 13:30:00,"G",-65.218865066347,-15.9089563972847
"KCL","HUGO",56,2019-08-26 13:30:00,"G",-65.2188347294293,-15.9089705706034
"KCL","HUGO",56,2019-08-26 13:30:00,"G",-65.2188972489661,-15.9089100929125
"KCL","HUGO",56,2019-08-26 13:30:00,"G",-65.2188571419984,-15.9090356049695
"KCL","HUGO",56,2019-08-26 13:30:00,"G",-65.2188774628761,-15.9090067139807
"KCL","HUGO",56,2019-08-26 13:30:00,"G",-65.2189121684787,-15.908952489601
"KCL","HUGO",56,2019-08-26 13:30:00,"G",-65.2189625410283,-15.9089826472727
"KCL","HUGO",56,2019-08-26 13:30:00,"G",-65.2189004516905,-15.9090159861595
"KCL","HUGO",56,2019-08-26 13:30:00,"G",-65.2188404235245,-15.9089553656258
"KCL","HUGO",56,2019-08-26 13:30:00,"G",-65.2188634256476,-15.9088817018949
"KCL","HUGO",56,2019-08-26 13:30:00,"G",-65.2188023279626,-15.9090010272646
"KCL","HUGO",56,2019-08-26 13:30:00,"G",-65.2188559698982,-15.9090079867662
"KCL","HUGO",56,2019-08-26 15:47:00,"G",-65.2187174738156,-15.9089662657253
"KCL","HUGO",56,2019-08-26 15:47:00,"G",-65.2186966959067,-15.9088888541238
"KCL","HUGO",56,2019-08-26 15:47:00,"G",-65.2187779557039,-15.9089454531486
"KCL","HUGO",56,2019-08-26 15:47:00,"G",-65.2187430991922,-15.9089479941946
"KCL","HUGO",56,2019-08-26 15:47:00,"G",-65.218617417384,-15.9089244763501
"KCL","HUGO",56,2019-08-26 15:47:00,"G",-65.2186022110272,-15.9089064577193
"KCL","HUGO",56,2019-08-26 15:47:00,"G",-65.2186977095624,-15.9089575105482
"KCL","HUGO",56,2019-08-26 15:47:00,"G",-65.2185999777659,-15.9088523271339
"KCL","HUGO",56,2019-08-26 15:47:00,"G",-65.2187883066145,-15.908883265328
"KCL","HUGO",56,2019-08-26 15:47:00,"G",-65.2187346274591,-15.9088630502724
"KCL","HUGO",56,2019-08-26 15:47:00,"G",-65.2187492072116,-15.9088658312568
"KCL","HUGO",56,2019-08-26 15:47:00,"G",-65.2186254297307,-15.9089195441289
"KCL","HUGO",56,2019-08-26 15:47:00,"G",-65.2188249423365,-15.9089257237911
"KCL","HUGO",56,2019-08-26 15:47:00,"G",-65.2186677245874,-15.908971191031
"KCL","HUGO",56,2019-08-26 15:47:00,"G",-65.2186184524822,-15.9088534153187
"KCL","HUGO",56,2019-08-26 15:47:00,"G",-65.2187081593171,-15.9089627650493
"KCL","HUGO",56,2019-08-26 15:47:00,"G",-65.2187296677004,-15.9089412954439
"KCL","HUGO",56,2019-08-26 15:47:00,"G",-65.2186435262031,-15.9088900342881
"KCL","HUGO",56,2019-08-26 15:47:00,"G",-65.218640893951,-15.9089021775299
"KCL","HUGO",56,2019-08-26 15:47:00,"G",-65.21865275551,-15.9088642440147
"KCL","HUGO",56,2019-08-26 15:47:00,"G",-65.2186368084184,-15.908910387728
"KCL","HUGO",56,2019-08-26 15:47:00,"G",-65.218690739744,-15.9089146243187
"KCL","HUGO",56,2019-08-26 15:47:00,"G",-65.2186884367784,-15.9088773585883
"KCL","HUGO",56,2019-08-26 15:47:00,"G",-65.218753753296,-15.9088931717153
"KCL","HUGO",56,2019-08-26 15:47:00,"G",-65.218701269694,-15.9088897610708
"KCL","HUGO",56,2019-08-26 15:47:00,"G",-65.2187841534739,-15.9088996813829
"KCL","HUGO",56,2019-08-26 15:47:00,"G",-65.2188093522441,-15.9089293655478
"KCL","HUGO",56,2019-08-26 15:47:00,"G",-65.2187571339943,-15.9088781693309
"KCL","HUGO",56,2019-08-26 15:47:00,"G",-65.2188006558195,-15.9089730503095
"KCL","HUGO",56,2019-08-26 15:47:00,"G",-65.2187756794702,-15.9089170955511
"KCL","HUGO",56,2019-08-26 15:47:00,"G",-65.2186331364359,-15.9088469791592
"KCL","HUGO",56,2019-08-26 15:47:00,"G",-65.2186312914345,-15.9089178725426
"KCL","HUGO",56,2019-08-26 15:47:00,"G",-65.2187014895039,-15.9089343238355
"KCL","HUGO",56,2019-08-26 15:47:00,"G",-65.2187280132294,-15.9089319052685
"KCL","HUGO",56,2019-08-26 15:47:00,"G",-65.2186806947896,-15.9089081777086
"KCL","HUGO",56,2019-08-26 15:47:00,"G",-65.2186600470599,-15.9088597901062
"KCL","HUGO",56,2019-08-26 15:47:00,"G",-65.2186683863691,-15.908968015434
"KCL","HUGO",56,2019-08-26 15:47:00,"G",-65.2187181550615,-15.9089545612785
"KCL","HUGO",56,2019-08-26 15:47:00,"G",-65.218724545759,-15.9089702008372
"KCL","HUGO",56,2019-08-26 15:47:00,"G",-65.2187588086669,-15.9089407881615
"KCL","HUGO",56,2019-08-26 15:47:00,"G",-65.2186768391374,-15.9089265545677
"KCL","HUGO",56,2019-08-26 15:47:00,"G",-65.2185709594613,-15.9088363983419
"KCL","HUGO",56,2019-08-26 15:47:00,"G",-65.2186959644992,-15.9089076329235
"KCL","HUGO",56,2019-08-26 15:47:00,"G",-65.2187643885856,-15.9090301653706
"KCL","HUGO",56,2019-08-26 15:47:00,"G",-65.2187936254534,-15.9089341450866
"KCL","HUGO",56,2019-08-26 15:47:00,"G",-65.2186235814924,-15.9089722829014
"KCL","HUGO",56,2019-08-26 15:47:00,"G",-65.2187161137693,-15.9089155274192
"KCL","HUGO",56,2019-08-26 15:47:00,"G",-65.218633224891,-15.9089353876846
"KCL","HUGO",56,2019-08-26 15:47:00,"G",-65.2187628786409,-15.9089464717974
"KCL","HUGO",56,2019-08-26 15:47:00,"G",-65.2186537310765,-15.90897530928
"KCL","HUGO",56,2019-08-26 15:47:00,"G",-65.2187576488457,-15.9089433538696
"KCL","HUGO",56,2019-08-26 15:47:00,"G",-65.2187790311777,-15.9088969750748
"KCL","HUGO",56,2019-08-26 15:47:00,"G",-65.2186896833123,-15.9088862504551
"KCL","HUGO",56,2019-08-26 15:47:00,"G",-65.2186641835058,-15.9088370212208
"KCL","HUGO",56,2019-08-26 15:47:00,"G",-65.2185842760416,-15.9089045348871
"KCL","HUGO",56,2019-08-26 15:47:00,"G",-65.2186603130173,-15.9089427269101
"KCL","HUGO",56,2019-08-26 15:47:00,"G",-65.2187245152504,-15.9088924664845
"KCL","HUGO",56,2019-08-26 15:47:00,"G",-65.2186754876235,-15.908867427023
"KCL","HUGO",56,2019-08-26 15:47:00,"G",-65.2186566201736,-15.9088850247929
"KCL","HUGO",56,2019-08-26 15:47:00,"G",-65.2187032296852,-15.9088912862879
"KCL","HUGO",56,2019-08-26 15:47:00,"G",-65.2187986142719,-15.9089094623266
"KCL","HUGO",56,2019-08-26 15:47:00,"G",-65.218773853752,-15.9089010978583
"KCL","HUGO",56,2019-08-26 15:47:00,"G",-65.2186519890776,-15.9089720903535
"KCL","HUGO",56,2019-08-26 15:47:00,"G",-65.2186863163836,-15.9089120340538
"KCL","HUGO",56,2019-08-26 15:47:00,"G",-65.2186617266682,-15.9089135992964
"KCL","HUGO",56,2019-08-26 15:47:00,"G",-65.2187043818606,-15.9089734191317
"KCL","HUGO",56,2019-08-26 15:47:00,"G",-65.2186478054283,-15.9089185713013
"KCL","HUGO",56,2019-08-26 15:47:00,"G",-65.2185381179476,-15.9088750027169
"KCL","HUGO",56,2019-08-26 15:47:00,"G",-65.2185516348487,-15.9088995211906
"KCL","HUGO",56,2019-08-26 15:47:00,"G",-65.218656639761,-15.9089576862652
"KCL","HUGO",56,2019-08-26 15:47:00,"G",-65.2187660764342,-15.908862700527
"KCL","HUGO",56,2019-08-26 15:47:00,"G",-65.2186243256063,-15.9089706262812
"KCL","HUGO",56,2019-08-26 15:47:00,"G",-65.218648517118,-15.9089148007204
"KCL","HUGO",56,2019-08-26 15:47:00,"G",-65.21866627252,-15.9089899198487
"KCL","HUGO",56,2019-08-26 15:47:00,"G",-65.2187251889554,-15.9088695843071
"KCL","HUGO",56,2019-08-26 15:47:00,"G",-65.21878012222,-15.9088928996787
"KCL","HUGO",56,2019-08-26 15:47:00,"G",-65.2186302690533,-15.9089189585035
"KCL","HUGO",56,2019-08-26 15:47:00,"G",-65.218723824609,-15.9089439404283
"KCL","HUGO",56,2019-08-26 15:47:00,"G",-65.2186548683558,-15.9088483999811
"KCL","HUGO",56,2019-08-26 15:47:00,"G",-65.2186224053589,-15.9088614786123
"KCL","HUGO",56,2019-08-26 15:47:00,"G",-65.2186995610558,-15.908944309177
"KCL","HUGO",56,2019-08-26 15:47:00,"G",-65.218582863501,-15.9088926949464
"KCL","HUGO",56,2019-08-26 15:47:00,"G",-65.2187444875646,-15.9089362597889
"KCL","HUGO",56,2019-08-26 15:47:00,"G",-65.2186725891365,-15.9089003096678
"KCL","HUGO",56,2019-08-26 15:47:00,"G",-65.2186929787618,-15.9089057668446
"KCL","HUGO",56,2019-08-26 15:47:00,"G",-65.2186608090677,-15.9089781840903
"KCL","HUGO",56,2019-08-26 15:47:00,"G",-65.2186316991992,-15.9089079504397
"KCL","HUGO",56,2019-08-26 15:47:00,"G",-65.2187098992759,-15.9089739622083
"KCL","HUGO",56,2019-08-26 15:47:00,"G",-65.2187196649681,-15.9089535703843
"KCL","HUGO",56,2019-08-26 15:47:00,"G",-65.2186350668941,-15.9088657590841
"KCL","HUGO",56,2019-08-26 15:47:00,"G",-65.2187227049909,-15.9088844625205
"KCL","HUGO",56,2019-08-26 15:47:00,"G",-65.2186550782297,-15.9089993739487
"KCL","HUGO",56,2019-08-26 15:47:00,"G",-65.2187311830795,-15.9090104162137
"KCL","HUGO",56,2019-08-26 15:47:00,"G",-65.2187362725117,-15.9088590688048
"KCL","HUGO",56,2019-08-26 15:47:00,"G",-65.2187496630651,-15.9088780222678
"KCL","HUGO",56,2019-08-26 15:47:00,"G",-65.2186329516267,-15.9088552204544
"KCL","HUGO",56,2019-08-26 15:47:00,"G",-65.2187382781118,-15.9089564999187
"KCL","HUGO",56,2019-08-26 15:47:00,"G",-65.2187715889922,-15.9088965867524
"KCL","HUGO",56,2019-08-26 15:47:00,"G",-65.2187238021876,-15.9088884952476
"KCL","HUGO",56,2019-08-26 15:47:00,"G",-65.2187608570922,-15.908964517732
"KCL","HUGO",56,2019-08-26 17:59:00,"G",-65.2186881567254,-15.9088920712512
"KCL","HUGO",56,2019-08-26 17:59:00,"G",-65.2186354582851,-15.9088653414784
"KCL","HUGO",56,2019-08-26 17:59:00,"G",-65.2185923706891,-15.9088967267369
"KCL","HUGO",56,2019-08-26 17:59:00,"G",-65.218667858306,-15.9088750397865
"KCL","HUGO",56,2019-08-26 17:59:00,"G",-65.2186360791956,-15.9089095490592
"KCL","HUGO",56,2019-08-26 17:59:00,"G",-65.2186043096899,-15.9088305104971
"KCL","HUGO",56,2019-08-26 17:59:00,"G",-65.2187109471876,-15.908901084173
"KCL","HUGO",56,2019-08-26 17:59:00,"G",-65.2187431551578,-15.9088444624192
"KCL","HUGO",56,2019-08-26 17:59:00,"G",-65.218620749918,-15.908852193463
"KCL","HUGO",56,2019-08-26 17:59:00,"G",-65.2185803841205,-15.9088418253218
"KCL","HUGO",56,2019-08-26 17:59:00,"G",-65.2186823357508,-15.9088864128903
"KCL","HUGO",56,2019-08-26 17:59:00,"G",-65.2186607451785,-15.9088032030386
"KCL","HUGO",56,2019-08-26 17:59:00,"G",-65.2186754283485,-15.9088939060566
"KCL","HUGO",56,2019-08-26 17:59:00,"G",-65.218632464814,-15.9088875148193
"KCL","HUGO",56,2019-08-26 17:59:00,"G",-65.2186964786719,-15.9088304444483
"KCL","HUGO",56,2019-08-26 17:59:00,"G",-65.218646886599,-15.9088993656934
"KCL","HUGO",56,2019-08-26 17:59:00,"G",-65.2186499706492,-15.9088671861033
"KCL","HUGO",56,2019-08-26 17:59:00,"G",-65.2187237420664,-15.9087980050785
"KCL","HUGO",56,2019-08-26 17:59:00,"G",-65.2187976545639,-15.9088639954047
"KCL","HUGO",56,2019-08-26 17:59:00,"G",-65.2185589643926,-15.9088623343826
"KCL","HUGO",56,2019-08-26 17:59:00,"G",-65.2186599260538,-15.908792327435
"KCL","HUGO",56,2019-08-26 17:59:00,"G",-65.2185932677034,-15.9088838565142
"KCL","HUGO",56,2019-08-26 17:59:00,"G",-65.218710883961,-15.9088116950277
"KCL","HUGO",56,2019-08-26 17:59:00,"G",-65.2186873920266,-15.9089710639973
"KCL","HUGO",56,2019-08-26 17:59:00,"G",-65.2186047806722,-15.9088586989454
"KCL","HUGO",56,2019-08-26 17:59:00,"G",-65.2185359490694,-15.9088607452648
"KCL","HUGO",56,2019-08-26 17:59:00,"G",-65.2186958154196,-15.9088170775403
"KCL","HUGO",56,2019-08-26 17:59:00,"G",-65.2185833857652,-15.9088120533244
"KCL","HUGO",56,2019-08-26 17:59:00,"G",-65.218643326026,-15.9088305857258
"KCL","HUGO",56,2019-08-26 17:59:00,"G",-65.2186226945313,-15.9088323106371
"KCL","HUGO",56,2019-08-26 17:59:00,"G",-65.2187581581625,-15.9088836238415
"KCL","HUGO",56,2019-08-26 17:59:00,"G",-65.218693278169,-15.9088780307149
"KCL","HUGO",56,2019-08-26 17:59:00,"G",-65.2185924702268,-15.9088007071931
"KCL","HUGO",56,2019-08-26 17:59:00,"G",-65.2188538283825,-15.9088559644131
"KCL","HUGO",56,2019-08-26 17:59:00,"G",-65.2187085398753,-15.9089035205059
"KCL","HUGO",56,2019-08-26 17:59:00,"G",-65.2186338926902,-15.9088723232909
"KCL","HUGO",56,2019-08-26 17:59:00,"G",-65.2186485429844,-15.9088453252259
"KCL","HUGO",56,2019-08-26 17:59:00,"G",-65.2186828356193,-15.9088374947745
"KCL","HUGO",56,2019-08-26 17:59:00,"G",-65.2186540327876,-15.9089110861274
"KCL","HUGO",56,2019-08-26 17:59:00,"G",-65.2187124720918,-15.9089101938304
"KCL","HUGO",56,2019-08-26 17:59:00,"G",-65.2185727225405,-15.9087894562898
"KCL","HUGO",56,2019-08-26 17:59:00,"G",-65.2186228318956,-15.9088467363313
"KCL","HUGO",56,2019-08-26 17:59:00,"G",-65.2186242880672,-15.9088656482072
"KCL","HUGO",56,2019-08-26 17:59:00,"G",-65.2187176425158,-15.908901537595
"KCL","HUGO",56,2019-08-26 17:59:00,"G",-65.2187099593254,-15.9088208982086
"KCL","HUGO",56,2019-08-26 17:59:00,"G",-65.2186934086154,-15.9088437991077
"KCL","HUGO",56,2019-08-26 17:59:00,"G",-65.2187262981315,-15.908856089759
"KCL","HUGO",56,2019-08-26 17:59:00,"G",-65.2186478669395,-15.9088824214275
"KCL","HUGO",56,2019-08-26 17:59:00,"G",-65.2186978686393,-15.9089196131307
"KCL","HUGO",56,2019-08-26 17:59:00,"G",-65.2187328789646,-15.9089405267748
"KCL","HUGO",56,2019-08-26 17:59:00,"G",-65.2186495275553,-15.9088504938283
"KCL","HUGO",56,2019-08-26 17:59:00,"G",-65.2186355433922,-15.9088726038643
"KCL","HUGO",56,2019-08-26 17:59:00,"G",-65.2187019427621,-15.9088516643923
"KCL","HUGO",56,2019-08-26 17:59:00,"G",-65.2186373007495,-15.9089476314363
"KCL","HUGO",56,2019-08-26 17:59:00,"G",-65.2186410074288,-15.9088163811132
"KCL","HUGO",56,2019-08-26 17:59:00,"G",-65.2185383313921,-15.9088912211237
"KCL","HUGO",56,2019-08-26 17:59:00,"G",-65.2185326220994,-15.9088203897798
"KCL","HUGO",56,2019-08-26 17:59:00,"G",-65.2187399789298,-15.9088625160875
"KCL","HUGO",56,2019-08-26 17:59:00,"G",-65.2186113025368,-15.9088551870988
"KCL","HUGO",56,2019-08-26 17:59:00,"G",-65.2187224226158,-15.9088646565408
"KCL","HUGO",56,2019-08-26 17:59:00,"G",-65.2186338020871,-15.9088816524281
"KCL","HUGO",56,2019-08-26 17:59:00,"G",-65.218705178642,-15.9089063648425
"KCL","HUGO",56,2019-08-26 17:59:00,"G",-65.2186529742022,-15.9089524575452
"KCL","HUGO",56,2019-08-26 17:59:00,"G",-65.2187193412265,-15.9088420710425
"KCL","HUGO",56,2019-08-26 17:59:00,"G",-65.2186357057699,-15.9088278711069
"KCL","HUGO",56,2019-08-26 17:59:00,"G",-65.2186211287364,-15.9088290194108
"KCL","HUGO",56,2019-08-26 17:59:00,"G",-65.2187854800789,-15.9088905510731
"KCL","HUGO",56,2019-08-26 17:59:00,"G",-65.2186786388411,-15.9088172706828
"KCL","HUGO",56,2019-08-26 17:59:00,"G",-65.2186912057126,-15.9088519572051
"KCL","HUGO",56,2019-08-26 17:59:00,"G",-65.218742373668,-15.9088460861888
"KCL","HUGO",56,2019-08-26 17:59:00,"G",-65.2187807953464,-15.908856785973
"KCL","HUGO",56,2019-08-26 17:59:00,"G",-65.2186594127204,-15.9089069619985
"KCL","HUGO",56,2019-08-26 17:59:00,"G",-65.2187577920546,-15.9088474563488
"KCL","HUGO",56,2019-08-26 17:59:00,"G",-65.2186705092837,-15.9088797681209
"KCL","HUGO",56,2019-08-26 17:59:00,"G",-65.2187598170774,-15.9088606836653
"KCL","HUGO",56,2019-08-26 17:59:00,"G",-65.2186983221457,-15.9088259971529
"KCL","HUGO",56,2019-08-26 17:59:00,"G",-65.218706406952,-15.9088994667743
"KCL","HUGO",56,2019-08-26 17:59:00,"G",-65.2187010762599,-15.9088808086822
"KCL","HUGO",56,2019-08-26 17:59:00,"G",-65.2186396637939,-15.9088044860387
"KCL","HUGO",56,2019-08-26 17:59:00,"G",-65.2186484603666,-15.9089555420818
"KCL","HUGO",56,2019-08-26 17:59:00,"G",-65.2185624753731,-15.9088948583877
"KCL","HUGO",56,2019-08-26 17:59:00,"G",-65.2186283712596,-15.9088955186167
"KCL","HUGO",56,2019-08-26 17:59:00,"G",-65.2186989354209,-15.908871442594
"KCL","HUGO",56,2019-08-26 17:59:00,"G",-65.2187669011684,-15.9089056696126
"KCL","HUGO",56,2019-08-26 17:59:00,"G",-65.218775218665,-15.9088813186205
"KCL","HUGO",56,2019-08-26 17:59:00,"G",-65.2187428430936,-15.9088947449769
"KCL","HUGO",56,2019-08-26 17:59:00,"G",-65.2186023433529,-15.9089053312899
"KCL","HUGO",56,2019-08-26 17:59:00,"G",-65.218687138019,-15.9088571490968
"KCL","HUGO",56,2019-08-26 17:59:00,"G",-65.2186228834587,-15.9087984606517
"KCL","HUGO",56,2019-08-26 17:59:00,"G",-65.2186418636092,-15.9088220583785
"KCL","HUGO",56,2019-08-26 17:59:00,"G",-65.2185852958104,-15.908833806984
"KCL","HUGO",56,2019-08-26 17:59:00,"G",-65.2187390728272,-15.9088230087446
"KCL","HUGO",56,2019-08-26 17:59:00,"G",-65.2186251329545,-15.9089248836545
"KCL","HUGO",56,2019-08-26 17:59:00,"G",-65.2185089028751,-15.9087539646938
"KCL","HUGO",56,2019-08-26 17:59:00,"G",-65.2187738708016,-15.9088795266213
"KCL","HUGO",56,2019-08-26 17:59:00,"G",-65.2186434694832,-15.9088956404712
"KCL","HUGO",56,2019-08-26 17:59:00,"G",-65.2186589613442,-15.9089366174973
"KCL","HUGO",56,2019-08-26 17:59:00,"G",-65.2186945281164,-15.9088279996867
"KCL","HUGO",56,2019-08-26 17:59:00,"G",-65.2185396839894,-15.9088429925878
"KCL","HUGO",56,2019-08-26 17:59:00,"G",-65.2186371049653,-15.9088570771557
"KCL","HUGO",56,2019-08-26 20:16:00,"G",-65.2187732850052,-15.9088476843707
"KCL","HUGO",56,2019-08-26 20:16:00,"G",-65.2188568174764,-15.9089003842486
"KCL","HUGO",56,2019-08-26 20:16:00,"G",-65.2187029297808,-15.9088826454498
"KCL","HUGO",56,2019-08-26 20:16:00,"G",-65.2186223708443,-15.9087802812526
"KCL","HUGO",56,2019-08-26 20:16:00,"G",-65.2186868032407,-15.9088514915143
"KCL","HUGO",56,2019-08-26 20:16:00,"G",-65.2187852410733,-15.9088440849076
"KCL","HUGO",56,2019-08-26 20:16:00,"G",-65.2187363579484,-15.9088485785774
"KCL","HUGO",56,2019-08-26 20:16:00,"G",-65.2186578421305,-15.908786980062
"KCL","HUGO",56,2019-08-26 20:16:00,"G",-65.2186841065713,-15.9088038488595
"KCL","HUGO",56,2019-08-26 20:16:00,"G",-65.2186454707213,-15.9088306925284
"KCL","HUGO",56,2019-08-26 20:16:00,"G",-65.2186845830013,-15.9088130830889
"KCL","HUGO",56,2019-08-26 20:16:00,"G",-65.2187908389495,-15.9087810864477
"KCL","HUGO",56,2019-08-26 20:16:00,"G",-65.2187099960643,-15.9087969604104
"KCL","HUGO",56,2019-08-26 20:16:00,"G",-65.2187532214283,-15.9088574577779
"KCL","HUGO",56,2019-08-26 20:16:00,"G",-65.2186933304195,-15.9088277365257
"KCL","HUGO",56,2019-08-26 20:16:00,"G",-65.2187033031303,-15.9088827784506
"KCL","HUGO",56,2019-08-26 20:16:00,"G",-65.2187661328831,-15.9088855181173
"KCL","HUGO",56,2019-08-26 20:16:00,"G",-65.2187058304411,-15.908807725602
"KCL","HUGO",56,2019-08-26 20:16:00,"G",-65.218697679404,-15.9088512014193
"KCL","HUGO",56,2019-08-26 20:16:00,"G",-65.2188326974029,-15.9088324253069
"KCL","HUGO",56,2019-08-26 20:16:00,"G",-65.2187764607824,-15.9088347620454
"KCL","HUGO",56,2019-08-26 20:16:00,"G",-65.2187118135699,-15.9088335597463
"KCL","HUGO",56,2019-08-26 20:16:00,"G",-65.2186833037898,-15.9088835825102
"KCL","HUGO",56,2019-08-26 20:16:00,"G",-65.2186785932261,-15.9088696587519
"KCL","HUGO",56,2019-08-26 20:16:00,"G",-65.2187835943823,-15.9089291904899
"KCL","HUGO",56,2019-08-26 20:16:00,"G",-65.2187396961484,-15.908843602985
"KCL","HUGO",56,2019-08-26 20:16:00,"G",-65.2187141667807,-15.9088045193903
"KCL","HUGO",56,2019-08-26 20:16:00,"G",-65.2187166007253,-15.9088508052309
"KCL","HUGO",56,2019-08-26 20:16:00,"G",-65.2187716077775,-15.9088791049698
"KCL","HUGO",56,2019-08-26 20:16:00,"G",-65.218775378187,-15.9088144847789
"KCL","HUGO",56,2019-08-26 20:16:00,"G",-65.2186519051879,-15.9088484133468
"KCL","HUGO",56,2019-08-26 20:16:00,"G",-65.218760256698,-15.9088299818154
"KCL","HUGO",56,2019-08-26 20:16:00,"G",-65.2187589823725,-15.9087959782165
"KCL","HUGO",56,2019-08-26 20:16:00,"G",-65.2187227758649,-15.9087758379533
"KCL","HUGO",56,2019-08-26 20:16:00,"G",-65.2187915642929,-15.9087940394803
"KCL","HUGO",56,2019-08-26 20:16:00,"G",-65.2188200670732,-15.9088426302361
"KCL","HUGO",56,2019-08-26 20:16:00,"G",-65.2186882817185,-15.908816661235
"KCL","HUGO",56,2019-08-26 20:16:00,"G",-65.2186895204483,-15.908843937503
"KCL","HUGO",56,2019-08-26 20:16:00,"G",-65.218763552069,-15.9088071893377
"KCL","HUGO",56,2019-08-26 20:16:00,"G",-65.218838016823,-15.9087944118392
"KCL","HUGO",56,2019-08-26 20:16:00,"G",-65.2187562281885,-15.9088810469997
"KCL","HUGO",56,2019-08-26 20:16:00,"G",-65.2186957593305,-15.9088084115811
"KCL","HUGO",56,2019-08-26 20:16:00,"G",-65.2187398005616,-15.908825449604
"KCL","HUGO",56,2019-08-26 20:16:00,"G",-65.2186661602127,-15.9087933825151
"KCL","HUGO",56,2019-08-26 20:16:00,"G",-65.218771304739,-15.9088069539951
"KCL","HUGO",56,2019-08-26 20:16:00,"G",-65.2187961366406,-15.9087901787044
"KCL","HUGO",56,2019-08-26 20:16:00,"G",-65.2187408288467,-15.9088596359012
"KCL","HUGO",56,2019-08-26 20:16:00,"G",-65.218809039692,-15.9088477717481
"KCL","HUGO",56,2019-08-26 20:16:00,"G",-65.2187073234816,-15.9088348637715
"KCL","HUGO",56,2019-08-26 20:16:00,"G",-65.2187086165133,-15.908837971969
"KCL","HUGO",56,2019-08-26 20:16:00,"G",-65.2187324753973,-15.9089304303929
"KCL","HUGO",56,2019-08-26 20:16:00,"G",-65.2187077272196,-15.9087835194128
"KCL","HUGO",56,2019-08-26 20:16:00,"G",-65.2188374826955,-15.908809883756
"KCL","HUGO",56,2019-08-26 20:16:00,"G",-65.2187091093483,-15.9088853029674
"KCL","HUGO",56,2019-08-26 20:16:00,"G",-65.2186841705747,-15.9088866315446
"KCL","HUGO",56,2019-08-26 20:16:00,"G",-65.218782165338,-15.9088184769322
"KCL","HUGO",56,2019-08-26 20:16:00,"G",-65.2186813039278,-15.9088628974277
"KCL","HUGO",56,2019-08-26 20:16:00,"G",-65.218826660344,-15.908902754912
"KCL","HUGO",56,2019-08-26 20:16:00,"G",-65.2185885364785,-15.9088156169946
"KCL","HUGO",56,2019-08-26 20:16:00,"G",-65.2186872096947,-15.9088083512358
"KCL","HUGO",56,2019-08-26 20:16:00,"G",-65.2188235185544,-15.9088930193498
"KCL","HUGO",56,2019-08-26 20:16:00,"G",-65.2187178846163,-15.9088629247211
"KCL","HUGO",56,2019-08-26 20:16:00,"G",-65.2188088062696,-15.9088096752836
"KCL","HUGO",56,2019-08-26 20:16:00,"G",-65.218816455088,-15.9088121877905
"KCL","HUGO",56,2019-08-26 20:16:00,"G",-65.2185628429802,-15.9087528825732
"KCL","HUGO",56,2019-08-26 20:16:00,"G",-65.2186398793804,-15.9087595155449
"KCL","HUGO",56,2019-08-26 20:16:00,"G",-65.2186875168933,-15.9087500184901
"KCL","HUGO",56,2019-08-26 20:16:00,"G",-65.2187437592354,-15.9088857427258
"KCL","HUGO",56,2019-08-26 20:16:00,"G",-65.2187294542784,-15.9088476359622
"KCL","HUGO",56,2019-08-26 20:16:00,"G",-65.2187855474748,-15.9088355263055
"KCL","HUGO",56,2019-08-26 20:16:00,"G",-65.2186985612222,-15.9088002822036
"KCL","HUGO",56,2019-08-26 20:16:00,"G",-65.2187145422399,-15.9087944616559
"KCL","HUGO",56,2019-08-26 20:16:00,"G",-65.218872232983,-15.9088710597274
"KCL","HUGO",56,2019-08-26 20:16:00,"G",-65.2187000806648,-15.9087753774016
"KCL","HUGO",56,2019-08-26 20:16:00,"G",-65.2187839798048,-15.9088212063591
"KCL","HUGO",56,2019-08-26 20:16:00,"G",-65.2186493482533,-15.9088581152109
"KCL","HUGO",56,2019-08-26 20:16:00,"G",-65.2188012380379,-15.9087808275575
"KCL","HUGO",56,2019-08-26 20:16:00,"G",-65.2187965107327,-15.9088482153846
"KCL","HUGO",56,2019-08-26 20:16:00,"G",-65.2186241621606,-15.9088141283479
"KCL","HUGO",56,2019-08-26 20:16:00,"G",-65.2187085250984,-15.9088419551653
"KCL","HUGO",56,2019-08-26 20:16:00,"G",-65.2186691693508,-15.9088472025274
"KCL","HUGO",56,2019-08-26 20:16:00,"G",-65.2187149794049,-15.9087918360094
"KCL","HUGO",56,2019-08-26 20:16:00,"G",-65.2187330660171,-15.9088173023353
"KCL","HUGO",56,2019-08-26 20:16:00,"G",-65.2187785877355,-15.9088329620434
"KCL","HUGO",56,2019-08-26 20:16:00,"G",-65.2188202960946,-15.9088135406743
"KCL","HUGO",56,2019-08-26 20:16:00,"G",-65.218849214991,-15.9088322522042
"KCL","HUGO",56,2019-08-26 20:16:00,"G",-65.2186611397557,-15.9087638120747
"KCL","HUGO",56,2019-08-26 20:16:00,"G",-65.2188860772619,-15.908855363803
"KCL","HUGO",56,2019-08-26 20:16:00,"G",-65.2186421219478,-15.9088906055288
"KCL","HUGO",56,2019-08-26 20:16:00,"G",-65.2186834296708,-15.9088176186508
"KCL","HUGO",56,2019-08-26 20:16:00,"G",-65.2187802513678,-15.9088644297657
"KCL","HUGO",56,2019-08-26 20:16:00,"G",-65.218689726391,-15.908797828808
"KCL","HUGO",56,2019-08-26 20:16:00,"G",-65.2186970698906,-15.9088284434646
"KCL","HUGO",56,2019-08-26 20:16:00,"G",-65.2186866191456,-15.9087771769346
"KCL","HUGO",56,2019-08-26 20:16:00,"G",-65.2186809276327,-15.9088442848136
"KCL","HUGO",56,2019-08-26 20:16:00,"G",-65.2188232544183,-15.908870994922
"KCL","HUGO",56,2019-08-26 20:16:00,"G",-65.2187993235537,-15.9088389195509
"KCL","HUGO",56,2019-08-26 20:16:00,"G",-65.2186841140963,-15.908850990389
"KCL","HUGO",56,2019-08-26 20:16:00,"G",-65.2187352350944,-15.9088588288304
"KCL","HUGO",56,2019-08-26 20:16:00,"G",-65.2187694119579,-15.9087800294728
"KCL","HUGO",56,2019-08-26 22:32:00,"G",-65.2178463311269,-15.9086459828074
"KCL","HUGO",56,2019-08-26 22:32:00,"G",-65.2179156474066,-15.9086634404524
"KCL","HUGO",56,2019-08-26 22:32:00,"G",-65.217742752796,-15.9085865948479
"KCL","HUGO",56,2019-08-26 22:32:00,"G",-65.2177976840376,-15.9085361932807
"KCL","HUGO",56,2019-08-26 22:32:00,"G",-65.2179046766324,-15.908697853284
"KCL","HUGO",56,2019-08-26 22:32:00,"G",-65.2178798622231,-15.9086318979071
"KCL","HUGO",56,2019-08-26 22:32:00,"G",-65.2178939929063,-15.9086148581935
"KCL","HUGO",56,2019-08-26 22:32:00,"G",-65.2178534553461,-15.9085575679409
"KCL","HUGO",56,2019-08-26 22:32:00,"G",-65.2178974392622,-15.9086383759379
"KCL","HUGO",56,2019-08-26 22:32:00,"G",-65.2178402263406,-15.9086053873855
"KCL","HUGO",56,2019-08-26 22:32:00,"G",-65.2178374005579,-15.9086312899667
"KCL","HUGO",56,2019-08-26 22:32:00,"G",-65.2177523349761,-15.9086653998281
"KCL","HUGO",56,2019-08-26 22:32:00,"G",-65.2178957599539,-15.9086626338474
"KCL","HUGO",56,2019-08-26 22:32:00,"G",-65.2178380863079,-15.908622675495
"KCL","HUGO",56,2019-08-26 22:32:00,"G",-65.2179869533228,-15.9086264103056
"KCL","HUGO",56,2019-08-26 22:32:00,"G",-65.2177624984246,-15.9085844457235
"KCL","HUGO",56,2019-08-26 22:32:00,"G",-65.2179302360401,-15.9086753234618
"KCL","HUGO",56,2019-08-26 22:32:00,"G",-65.2178178718174,-15.908526506228
"KCL","HUGO",56,2019-08-26 22:32:00,"G",-65.2178956259839,-15.9086622229523
"KCL","HUGO",56,2019-08-26 22:32:00,"G",-65.2179287849864,-15.908691811063
"KCL","HUGO",56,2019-08-26 22:32:00,"G",-65.2178011731781,-15.9085260531995
"KCL","HUGO",56,2019-08-26 22:32:00,"G",-65.2179029214084,-15.9086376423869
"KCL","HUGO",56,2019-08-26 22:32:00,"G",-65.2178368690895,-15.9086080985533
"KCL","HUGO",56,2019-08-26 22:32:00,"G",-65.217896015038,-15.9085574630256
"KCL","HUGO",56,2019-08-26 22:32:00,"G",-65.2179070933748,-15.9086542915548
"KCL","HUGO",56,2019-08-26 22:32:00,"G",-65.217855491859,-15.9086559020072
"KCL","HUGO",56,2019-08-26 22:32:00,"G",-65.2178130330174,-15.9085971065987
"KCL","HUGO",56,2019-08-26 22:32:00,"G",-65.2178958204489,-15.9086190136847
"KCL","HUGO",56,2019-08-26 22:32:00,"G",-65.2178130267797,-15.9086467173706
"KCL","HUGO",56,2019-08-26 22:32:00,"G",-65.217795877474,-15.9086128675162
"KCL","HUGO",56,2019-08-26 22:32:00,"G",-65.2178744338067,-15.9086698348183
"KCL","HUGO",56,2019-08-26 22:32:00,"G",-65.2179797031425,-15.9086519173854
"KCL","HUGO",56,2019-08-26 22:32:00,"G",-65.2178225671771,-15.9086381884389
"KCL","HUGO",56,2019-08-26 22:32:00,"G",-65.2178633840055,-15.9086228546362
"KCL","HUGO",56,2019-08-26 22:32:00,"G",-65.2178023151941,-15.9085992639724
"KCL","HUGO",56,2019-08-26 22:32:00,"G",-65.217814385634,-15.9085546119354
"KCL","HUGO",56,2019-08-26 22:32:00,"G",-65.2180294712948,-15.9087085522335
"KCL","HUGO",56,2019-08-26 22:32:00,"G",-65.2179053288794,-15.9086528576519
"KCL","HUGO",56,2019-08-26 22:32:00,"G",-65.2178936106765,-15.9086285113025
"KCL","HUGO",56,2019-08-26 22:32:00,"G",-65.2178538579416,-15.9086054566104
"KCL","HUGO",56,2019-08-26 22:32:00,"G",-65.2179439376751,-15.9086962847764
"KCL","HUGO",56,2019-08-26 22:32:00,"G",-65.2179197092331,-15.908648048399
"KCL","HUGO",56,2019-08-26 22:32:00,"G",-65.2179427877619,-15.9087173530734
"KCL","HUGO",56,2019-08-26 22:32:00,"G",-65.2179689946289,-15.9086739812894
"KCL","HUGO",56,2019-08-26 22:32:00,"G",-65.2178507642189,-15.908593458855
"KCL","HUGO",56,2019-08-26 22:32:00,"G",-65.2179093539623,-15.9086589678284
"KCL","HUGO",56,2019-08-26 22:32:00,"G",-65.2179355875323,-15.9086001956478
"KCL","HUGO",56,2019-08-26 22:32:00,"G",-65.2178976537127,-15.9086078190668
"KCL","HUGO",56,2019-08-26 22:32:00,"G",-65.2179462946202,-15.9086751482471
"KCL","HUGO",56,2019-08-26 22:32:00,"G",-65.218005704182,-15.9086768993644
"KCL","HUGO",56,2019-08-26 22:32:00,"G",-65.2178078222151,-15.9086562337315
"KCL","HUGO",56,2019-08-26 22:32:00,"G",-65.2179310518686,-15.9086055533209
"KCL","HUGO",56,2019-08-26 22:32:00,"G",-65.2178615180167,-15.908578207283
"KCL","HUGO",56,2019-08-26 22:32:00,"G",-65.2178878107455,-15.9085969024771
"KCL","HUGO",56,2019-08-26 22:32:00,"G",-65.2178631149696,-15.9086059120852
"KCL","HUGO",56,2019-08-26 22:32:00,"G",-65.2178162369652,-15.908634345333
"KCL","HUGO",56,2019-08-26 22:32:00,"G",-65.2179024664735,-15.9086616597343
"KCL","HUGO",56,2019-08-26 22:32:00,"G",-65.2179224447378,-15.9086666329362
"KCL","HUGO",56,2019-08-26 22:32:00,"G",-65.217845194874,-15.9086505052454
"KCL","HUGO",56,2019-08-26 22:32:00,"G",-65.2178413849653,-15.9085809119799
"KCL","HUGO",56,2019-08-26 22:32:00,"G",-65.2178381790483,-15.908622973295
"KCL","HUGO",56,2019-08-26 22:32:00,"G",-65.2178716495809,-15.9086473550644
"KCL","HUGO",56,2019-08-26 22:32:00,"G",-65.2179843801691,-15.9086978662613
"KCL","HUGO",56,2019-08-26 22:32:00,"G",-65.2179253508176,-15.9086450073768
"KCL","HUGO",56,2019-08-26 22:32:00,"G",-65.2178676887253,-15.9087119377675
"KCL","HUGO",56,2019-08-26 22:32:00,"G",-65.2178398029323,-15.9085306970634
"KCL","HUGO",56,2019-08-26 22:32:00,"G",-65.2179959525845,-15.9086086604785
"KCL","HUGO",56,2019-08-26 22:32:00,"G",-65.2177376063379,-15.9086339522554
"KCL","HUGO",56,2019-08-26 22:32:00,"G",-65.2178948966571,-15.9086116832485
"KCL","HUGO",56,2019-08-26 22:32:00,"G",-65.217877088291,-15.9086447450188
"KCL","HUGO",56,2019-08-26 22:32:00,"G",-65.2179628639713,-15.9086331825573
"KCL","HUGO",56,2019-08-26 22:32:00,"G",-65.2178075826724,-15.9086801656404
"KCL","HUGO",56,2019-08-26 22:32:00,"G",-65.2178746747416,-15.9086192791721
"KCL","HUGO",56,2019-08-26 22:32:00,"G",-65.2179383700421,-15.9086767181475
"KCL","HUGO",56,2019-08-26 22:32:00,"G",-65.2179091383948,-15.9086324774121
"KCL","HUGO",56,2019-08-26 22:32:00,"G",-65.217744036725,-15.9086340495692
"KCL","HUGO",56,2019-08-26 22:32:00,"G",-65.2178866135123,-15.9085963722132
"KCL","HUGO",56,2019-08-26 22:32:00,"G",-65.2178723279681,-15.9086753976758
"KCL","HUGO",56,2019-08-26 22:32:00,"G",-65.2178528022255,-15.9087020048039
"KCL","HUGO",56,2019-08-26 22:32:00,"G",-65.2177859897399,-15.9086185958855
"KCL","HUGO",56,2019-08-26 22:32:00,"G",-65.2178054785298,-15.9086847330032
"KCL","HUGO",56,2019-08-26 22:32:00,"G",-65.2178985935108,-15.9086326596941
"KCL","HUGO",56,2019-08-26 22:32:00,"G",-65.2178830718424,-15.9086376282768
"KCL","HUGO",56,2019-08-26 22:32:00,"G",-65.2177986258119,-15.9086821162005
"KCL","HUGO",56,2019-08-26 22:32:00,"G",-65.2179090107143,-15.9085638398731
"KCL","HUGO",56,2019-08-26 22:32:00,"G",-65.2179785016588,-15.9086107883683
"KCL","HUGO",56,2019-08-26 22:32:00,"G",-65.2178301489168,-15.9086105169065
"KCL","HUGO",56,2019-08-26 22:32:00,"G",-65.2178511815887,-15.9085338915289
"KCL","HUGO",56,2019-08-26 22:32:00,"G",-65.217795693691,-15.9086388930626
"KCL","HUGO",56,2019-08-26 22:32:00,"G",-65.2179258172499,-15.9086246096298
"KCL","HUGO",56,2019-08-26 22:32:00,"G",-65.2177852671295,-15.9085477787737
"KCL","HUGO",56,2019-08-26 22:32:00,"G",-65.2179193697372,-15.9086104449911
"KCL","HUGO",56,2019-08-26 22:32:00,"G",-65.2178924811678,-15.9086157896953
"KCL","HUGO",56,2019-08-26 22:32:00,"G",-65.2178943013308,-15.9086422410768
"KCL","HUGO",56,2019-08-26 22:32:00,"G",-65.217907097172,-15.908673931648
"KCL","HUGO",56,2019-08-26 22:32:00,"G",-65.217852925152,-15.9086262022761
"KCL","HUGO",56,2019-08-26 22:32:00,"G",-65.2178410820633,-15.9086248252799
"KCL","HUGO",56,2019-08-26 22:32:00,"G",-65.2178374007679,-15.9086297958628
"KCL","HUGO",56,2019-08-26 22:32:00,"G",-65.2178410237638,-15.9085930752647
"KCL","HUGO",56,2019-08-26 22:32:00,"G",-65.2179474332666,-15.9086119223907
"KCL","HUGO",56,2019-08-27 00:02:00,"G",-65.2154596735587,-15.907669129019
"KCL","HUGO",56,2019-08-27 00:02:00,"G",-65.2154154715095,-15.907693726467
"KCL","HUGO",56,2019-08-27 00:02:00,"G",-65.2155400177323,-15.9078634703698
"KCL","HUGO",56,2019-08-27 00:02:00,"G",-65.2154645195041,-15.9076883267045
"KCL","HUGO",56,2019-08-27 00:02:00,"G",-65.2154667007271,-15.9077119483606
"KCL","HUGO",56,2019-08-27 00:02:00,"G",-65.2154605288361,-15.9076733055357
"KCL","HUGO",56,2019-08-27 00:02:00,"G",-65.2155151565959,-15.9077775761081
"KCL","HUGO",56,2019-08-27 00:02:00,"G",-65.2156025969072,-15.9077232538885
"KCL","HUGO",56,2019-08-27 00:02:00,"G",-65.2154782586944,-15.9077659117518
"KCL","HUGO",56,2019-08-27 00:02:00,"G",-65.2155889492972,-15.9077567964946
"KCL","HUGO",56,2019-08-27 00:02:00,"G",-65.2155314725629,-15.907717501023
"KCL","HUGO",56,2019-08-27 00:02:00,"G",-65.2155011139011,-15.9077398916702
"KCL","HUGO",56,2019-08-27 00:02:00,"G",-65.2154498119377,-15.9077763122007
"KCL","HUGO",56,2019-08-27 00:02:00,"G",-65.2156199682187,-15.9077965313006
"KCL","HUGO",56,2019-08-27 00:02:00,"G",-65.2155362467523,-15.9077453620127
"KCL","HUGO",56,2019-08-27 00:02:00,"G",-65.2155412709913,-15.9078162125766
"KCL","HUGO",56,2019-08-27 00:02:00,"G",-65.2153935558517,-15.9077438840713
"KCL","HUGO",56,2019-08-27 00:02:00,"G",-65.215571356196,-15.9077960492295
"KCL","HUGO",56,2019-08-27 00:02:00,"G",-65.2155679791961,-15.9077644610666
"KCL","HUGO",56,2019-08-27 00:02:00,"G",-65.215505633555,-15.9077063672051
"KCL","HUGO",56,2019-08-27 00:02:00,"G",-65.2155649316196,-15.9078226325306
"KCL","HUGO",56,2019-08-27 00:02:00,"G",-65.2155153020909,-15.9076618884141
"KCL","HUGO",56,2019-08-27 00:02:00,"G",-65.2155866562183,-15.9077192519786
"KCL","HUGO",56,2019-08-27 00:02:00,"G",-65.2155244188789,-15.9077554959667
"KCL","HUGO",56,2019-08-27 00:02:00,"G",-65.2155003084629,-15.9077343484738
"KCL","HUGO",56,2019-08-27 00:02:00,"G",-65.2155390280588,-15.9076918341336
"KCL","HUGO",56,2019-08-27 00:02:00,"G",-65.2156212041099,-15.9077883207771
"KCL","HUGO",56,2019-08-27 00:02:00,"G",-65.2154574164486,-15.9077273070924
"KCL","HUGO",56,2019-08-27 00:02:00,"G",-65.2154935948018,-15.9077535565532
"KCL","HUGO",56,2019-08-27 00:02:00,"G",-65.2154012249427,-15.9076787406927
"KCL","HUGO",56,2019-08-27 00:02:00,"G",-65.2154447972834,-15.9076865316894
"KCL","HUGO",56,2019-08-27 00:02:00,"G",-65.2155065675811,-15.9077023831174
"KCL","HUGO",56,2019-08-27 00:02:00,"G",-65.2155261822772,-15.9077332256336
"KCL","HUGO",56,2019-08-27 00:02:00,"G",-65.215529758932,-15.9077698485943
"KCL","HUGO",56,2019-08-27 00:02:00,"G",-65.2155695681547,-15.9077220605372
"KCL","HUGO",56,2019-08-27 00:02:00,"G",-65.2154798962124,-15.9078068060106
"KCL","HUGO",56,2019-08-27 00:02:00,"G",-65.2155224667329,-15.9077103542738
"KCL","HUGO",56,2019-08-27 00:02:00,"G",-65.2155131409738,-15.9078037270831
"KCL","HUGO",56,2019-08-27 00:02:00,"G",-65.2155430096117,-15.9077132007949
"KCL","HUGO",56,2019-08-27 00:02:00,"G",-65.2154104570466,-15.9076873394816
"KCL","HUGO",56,2019-08-27 00:02:00,"G",-65.2154863291086,-15.9077270289716
"KCL","HUGO",56,2019-08-27 00:02:00,"G",-65.2155322743258,-15.9078001357281
"KCL","HUGO",56,2019-08-27 00:02:00,"G",-65.2155415586462,-15.9077693505567
"KCL","HUGO",56,2019-08-27 00:02:00,"G",-65.2154702234079,-15.9077837686847
"KCL","HUGO",56,2019-08-27 00:02:00,"G",-65.2154510923257,-15.907760229194
"KCL","HUGO",56,2019-08-27 00:02:00,"G",-65.2155438275033,-15.9076794906331
"KCL","HUGO",56,2019-08-27 00:02:00,"G",-65.2154681634949,-15.9077547649776
"KCL","HUGO",56,2019-08-27 00:02:00,"G",-65.2154409425078,-15.907675683715
"KCL","HUGO",56,2019-08-27 00:02:00,"G",-65.2155996043742,-15.9077514643828
"KCL","HUGO",56,2019-08-27 00:02:00,"G",-65.2154706015075,-15.9077232734742
"KCL","HUGO",56,2019-08-27 00:02:00,"G",-65.2154197188472,-15.9076789871329
"KCL","HUGO",56,2019-08-27 00:02:00,"G",-65.2154814189191,-15.9077041221479
"KCL","HUGO",56,2019-08-27 00:02:00,"G",-65.2154843942646,-15.907798968442
"KCL","HUGO",56,2019-08-27 00:02:00,"G",-65.2154138519903,-15.9077525549521
"KCL","HUGO",56,2019-08-27 00:02:00,"G",-65.2155444668406,-15.9077123257467
"KCL","HUGO",56,2019-08-27 00:02:00,"G",-65.2155616491778,-15.907746302201
"KCL","HUGO",56,2019-08-27 00:02:00,"G",-65.2154279805622,-15.9077395434964
"KCL","HUGO",56,2019-08-27 00:02:00,"G",-65.2155230917905,-15.907770071028
"KCL","HUGO",56,2019-08-27 00:02:00,"G",-65.21552010675,-15.9076785762616
"KCL","HUGO",56,2019-08-27 00:02:00,"G",-65.2155490969015,-15.9078534372883
"KCL","HUGO",56,2019-08-27 00:02:00,"G",-65.215514588765,-15.9077300234204
"KCL","HUGO",56,2019-08-27 00:02:00,"G",-65.2154616386226,-15.9077886240068
"KCL","HUGO",56,2019-08-27 00:02:00,"G",-65.2154776303764,-15.9076883364507
"KCL","HUGO",56,2019-08-27 00:02:00,"G",-65.2154970210848,-15.9077739272272
"KCL","HUGO",56,2019-08-27 00:02:00,"G",-65.2155240638001,-15.9077765902184
"KCL","HUGO",56,2019-08-27 00:02:00,"G",-65.2155184756781,-15.9076792290281
"KCL","HUGO",56,2019-08-27 00:02:00,"G",-65.215482932933,-15.9077408123418
"KCL","HUGO",56,2019-08-27 00:02:00,"G",-65.2154615489093,-15.9077224729389
"KCL","HUGO",56,2019-08-27 00:02:00,"G",-65.2154042218779,-15.9077409907185
"KCL","HUGO",56,2019-08-27 00:02:00,"G",-65.2155312576828,-15.9077384553016
"KCL","HUGO",56,2019-08-27 00:02:00,"G",-65.2155062567194,-15.9078470625094
"KCL","HUGO",56,2019-08-27 00:02:00,"G",-65.2154933146509,-15.9077654123653
"KCL","HUGO",56,2019-08-27 00:02:00,"G",-65.2155435428231,-15.9077420954827
"KCL","HUGO",56,2019-08-27 00:02:00,"G",-65.2154638520335,-15.9077089408281
"KCL","HUGO",56,2019-08-27 00:02:00,"G",-65.2154159171775,-15.9076961392017
"KCL","HUGO",56,2019-08-27 00:02:00,"G",-65.2154570427236,-15.9077319166693
"KCL","HUGO",56,2019-08-27 00:02:00,"G",-65.2155968364276,-15.907780643032
"KCL","HUGO",56,2019-08-27 00:02:00,"G",-65.2155226523014,-15.9076469940949
"KCL","HUGO",56,2019-08-27 00:02:00,"G",-65.2155265911299,-15.9077495014151
"KCL","HUGO",56,2019-08-27 00:02:00,"G",-65.2155362768077,-15.9077441375832
"KCL","HUGO",56,2019-08-27 00:02:00,"G",-65.2156302296382,-15.9077403342119
"KCL","HUGO",56,2019-08-27 00:02:00,"G",-65.2155646819349,-15.9077800203733
"KCL","HUGO",56,2019-08-27 00:02:00,"G",-65.215456940149,-15.9077034458947
"KCL","HUGO",56,2019-08-27 00:02:00,"G",-65.2154864904599,-15.9077697904788
"KCL","HUGO",56,2019-08-27 00:02:00,"G",-65.2156193590391,-15.9077834609326
"KCL","HUGO",56,2019-08-27 00:02:00,"G",-65.2155525759608,-15.9077325241665
"KCL","HUGO",56,2019-08-27 00:02:00,"G",-65.2155192794477,-15.9076631686259
"KCL","HUGO",56,2019-08-27 00:02:00,"G",-65.2154882031572,-15.9077419938994
"KCL","HUGO",56,2019-08-27 00:02:00,"G",-65.2155061409881,-15.9077122144693
"KCL","HUGO",56,2019-08-27 00:02:00,"G",-65.2155953723262,-15.9077577021995
"KCL","HUGO",56,2019-08-27 00:02:00,"G",-65.2153056191604,-15.9077140790702
"KCL","HUGO",56,2019-08-27 00:02:00,"G",-65.2154821147903,-15.9077554200813
"KCL","HUGO",56,2019-08-27 00:02:00,"G",-65.2155049793781,-15.9077330472223
"KCL","HUGO",56,2019-08-27 00:02:00,"G",-65.2155379156976,-15.9077652500419
"KCL","HUGO",56,2019-08-27 00:02:00,"G",-65.2154746963041,-15.9076746782844
"KCL","HUGO",56,2019-08-27 00:02:00,"G",-65.2154187360587,-15.907704353443
"KCL","HUGO",56,2019-08-27 00:02:00,"G",-65.2155663367497,-15.9077178726802
"KCL","HUGO",56,2019-08-27 00:02:00,"G",-65.2154854392116,-15.9077676297693
"KCL","HUGO",56,2019-08-27 00:02:00,"G",-65.2155014883445,-15.9077422637076
"KCL","HUGO",56,2019-08-27 00:02:00,"G",-65.2154680927703,-15.9076933748542
"KCL","HUGO",56,2019-08-27 02:14:00,"G",-65.2156061979037,-15.9077340010723
"KCL","HUGO",56,2019-08-27 02:14:00,"G",-65.2155482414694,-15.9077515307186
"KCL","HUGO",56,2019-08-27 02:14:00,"G",-65.2155776369257,-15.907790040494
"KCL","HUGO",56,2019-08-27 02:14:00,"G",-65.2156788774485,-15.9078070836356
"KCL","HUGO",56,2019-08-27 02:14:00,"G",-65.2155068157071,-15.9078141302179
"KCL","HUGO",56,2019-08-27 02:14:00,"G",-65.2155093944054,-15.9077108129885
"KCL","HUGO",56,2019-08-27 02:14:00,"G",-65.2155884287939,-15.9077684228637
"KCL","HUGO",56,2019-08-27 02:14:00,"G",-65.2155200917693,-15.9076766681704
"KCL","HUGO",56,2019-08-27 02:14:00,"G",-65.2155621514959,-15.9077534751335
"KCL","HUGO",56,2019-08-27 02:14:00,"G",-65.215568475872,-15.9077546127797
"KCL","HUGO",56,2019-08-27 02:14:00,"G",-65.2154843025081,-15.9077274645108
"KCL","HUGO",56,2019-08-27 02:14:00,"G",-65.215690888364,-15.9077761666252
"KCL","HUGO",56,2019-08-27 02:14:00,"G",-65.2155985793687,-15.9076926073251
"KCL","HUGO",56,2019-08-27 02:14:00,"G",-65.215531558019,-15.9076717978914
"KCL","HUGO",56,2019-08-27 02:14:00,"G",-65.2155311682333,-15.9077707216936
"KCL","HUGO",56,2019-08-27 02:14:00,"G",-65.2155293856591,-15.9077545765679
"KCL","HUGO",56,2019-08-27 02:14:00,"G",-65.2155648405876,-15.9077369785399
"KCL","HUGO",56,2019-08-27 02:14:00,"G",-65.2155298361516,-15.907800332525
"KCL","HUGO",56,2019-08-27 02:14:00,"G",-65.2155659801921,-15.907780571006
"KCL","HUGO",56,2019-08-27 02:14:00,"G",-65.2155708061565,-15.9076973933135
"KCL","HUGO",56,2019-08-27 02:14:00,"G",-65.215580796552,-15.9077776092695
"KCL","HUGO",56,2019-08-27 02:14:00,"G",-65.2154758432889,-15.9077582341175
"KCL","HUGO",56,2019-08-27 02:14:00,"G",-65.2157410557009,-15.9078143207908
"KCL","HUGO",56,2019-08-27 02:14:00,"G",-65.2156087536529,-15.9077671875801
"KCL","HUGO",56,2019-08-27 02:14:00,"G",-65.2155617070762,-15.9078449037087
"KCL","HUGO",56,2019-08-27 02:14:00,"G",-65.2157459341983,-15.9078312089108
"KCL","HUGO",56,2019-08-27 02:14:00,"G",-65.2155962092964,-15.9078269586336
"KCL","HUGO",56,2019-08-27 02:14:00,"G",-65.2155518939202,-15.9077780083168
"KCL","HUGO",56,2019-08-27 02:14:00,"G",-65.2156415534185,-15.9077449147871
"KCL","HUGO",56,2019-08-27 02:14:00,"G",-65.2156347529282,-15.9076700866289
"KCL","HUGO",56,2019-08-27 02:14:00,"G",-65.21559449169,-15.9077493281899
"KCL","HUGO",56,2019-08-27 02:14:00,"G",-65.2155309498898,-15.9077171852254
"KCL","HUGO",56,2019-08-27 02:14:00,"G",-65.2154704354673,-15.9078127977088
"KCL","HUGO",56,2019-08-27 02:14:00,"G",-65.2155260789646,-15.9077096066419
"KCL","HUGO",56,2019-08-27 02:14:00,"G",-65.215557268846,-15.9077031529675
"KCL","HUGO",56,2019-08-27 02:14:00,"G",-65.2155020298514,-15.9077288327638
"KCL","HUGO",56,2019-08-27 02:14:00,"G",-65.2156385231126,-15.9077582798153
"KCL","HUGO",56,2019-08-27 02:14:00,"G",-65.2154881805688,-15.9077367279114
"KCL","HUGO",56,2019-08-27 02:14:00,"G",-65.2156034553172,-15.9077282032015
"KCL","HUGO",56,2019-08-27 02:14:00,"G",-65.2155195904581,-15.9076677267747
"KCL","HUGO",56,2019-08-27 02:14:00,"G",-65.2154112892963,-15.9076193976415
"KCL","HUGO",56,2019-08-27 02:14:00,"G",-65.2156178018312,-15.9076789649012
"KCL","HUGO",56,2019-08-27 02:14:00,"G",-65.2155208743761,-15.9076786947793
"KCL","HUGO",56,2019-08-27 02:14:00,"G",-65.2155453993035,-15.9077132381513
"KCL","HUGO",56,2019-08-27 02:14:00,"G",-65.215454023253,-15.9076432260518
"KCL","HUGO",56,2019-08-27 02:14:00,"G",-65.2155596091181,-15.9077126890252
"KCL","HUGO",56,2019-08-27 02:14:00,"G",-65.2156071703578,-15.9077482361498
"KCL","HUGO",56,2019-08-27 02:14:00,"G",-65.2155862727182,-15.9078533809034
"KCL","HUGO",56,2019-08-27 02:14:00,"G",-65.2155155621906,-15.9076749158531
"KCL","HUGO",56,2019-08-27 02:14:00,"G",-65.2154929684585,-15.9077984851473
"KCL","HUGO",56,2019-08-27 02:14:00,"G",-65.2154912903925,-15.9077565922889
"KCL","HUGO",56,2019-08-27 02:14:00,"G",-65.2156445994223,-15.9078377871679
"KCL","HUGO",56,2019-08-27 02:14:00,"G",-65.2155903064745,-15.9077503076852
"KCL","HUGO",56,2019-08-27 02:14:00,"G",-65.2155300949253,-15.9076326304647
"KCL","HUGO",56,2019-08-27 02:14:00,"G",-65.2155835111196,-15.9076911868277
"KCL","HUGO",56,2019-08-27 02:14:00,"G",-65.2155096947323,-15.9077353531062
"KCL","HUGO",56,2019-08-27 02:14:00,"G",-65.2155577936899,-15.9076606259424
"KCL","HUGO",56,2019-08-27 02:14:00,"G",-65.2156055044709,-15.9077337047662
"KCL","HUGO",56,2019-08-27 02:14:00,"G",-65.2154432693547,-15.9077050563837
"KCL","HUGO",56,2019-08-27 02:14:00,"G",-65.2155552044503,-15.9077798578112
"KCL","HUGO",56,2019-08-27 02:14:00,"G",-65.2154519158943,-15.9077057604943
"KCL","HUGO",56,2019-08-27 02:14:00,"G",-65.2156436761599,-15.9077969555526
"KCL","HUGO",56,2019-08-27 02:14:00,"G",-65.2154647412027,-15.9077778376359
"KCL","HUGO",56,2019-08-27 02:14:00,"G",-65.2154755559279,-15.9077524601157
"KCL","HUGO",56,2019-08-27 02:14:00,"G",-65.215490132867,-15.9077267026587
"KCL","HUGO",56,2019-08-27 02:14:00,"G",-65.2155069877544,-15.9077006876802
"KCL","HUGO",56,2019-08-27 02:14:00,"G",-65.2155769607426,-15.9076402341252
"KCL","HUGO",56,2019-08-27 02:14:00,"G",-65.2155844083734,-15.9077301360464
"KCL","HUGO",56,2019-08-27 02:14:00,"G",-65.2155324021302,-15.9077332613328
"KCL","HUGO",56,2019-08-27 02:14:00,"G",-65.2153928650519,-15.9077470239992
"KCL","HUGO",56,2019-08-27 02:14:00,"G",-65.2156423502201,-15.9076647318195
"KCL","HUGO",56,2019-08-27 02:14:00,"G",-65.215685746607,-15.9077576349962
"KCL","HUGO",56,2019-08-27 02:14:00,"G",-65.2155916693024,-15.9077285206514
"KCL","HUGO",56,2019-08-27 02:14:00,"G",-65.2156153978978,-15.9078033727128
"KCL","HUGO",56,2019-08-27 02:14:00,"G",-65.2155939412997,-15.9076954009454
"KCL","HUGO",56,2019-08-27 02:14:00,"G",-65.2154670847868,-15.9076674757016
"KCL","HUGO",56,2019-08-27 02:14:00,"G",-65.2155856535999,-15.9078125947956
"KCL","HUGO",56,2019-08-27 02:14:00,"G",-65.2155496378747,-15.9077882735895
"KCL","HUGO",56,2019-08-27 02:14:00,"G",-65.2155489317152,-15.9077951585013
"KCL","HUGO",56,2019-08-27 02:14:00,"G",-65.2154993472818,-15.907719516589
"KCL","HUGO",56,2019-08-27 02:14:00,"G",-65.2156074207512,-15.9077389257098
"KCL","HUGO",56,2019-08-27 02:14:00,"G",-65.2156336613571,-15.9077346193772
"KCL","HUGO",56,2019-08-27 02:14:00,"G",-65.2155870215101,-15.9077528459382
"KCL","HUGO",56,2019-08-27 02:14:00,"G",-65.2155376274899,-15.9076336929986
"KCL","HUGO",56,2019-08-27 02:14:00,"G",-65.2155580982596,-15.9077180858683
"KCL","HUGO",56,2019-08-27 02:14:00,"G",-65.2156238786779,-15.9077836272629
"KCL","HUGO",56,2019-08-27 02:14:00,"G",-65.2155132104601,-15.9077590471314
"KCL","HUGO",56,2019-08-27 02:14:00,"G",-65.2155317270342,-15.9076230332573
"KCL","HUGO",56,2019-08-27 02:14:00,"G",-65.2155433257388,-15.9076656415385
"KCL","HUGO",56,2019-08-27 02:14:00,"G",-65.2155842242221,-15.907710034939
"KCL","HUGO",56,2019-08-27 02:14:00,"G",-65.2156728387639,-15.9077943190962
"KCL","HUGO",56,2019-08-27 02:14:00,"G",-65.2155547739632,-15.9077306351885
"KCL","HUGO",56,2019-08-27 02:14:00,"G",-65.2156306739292,-15.9077570546351
"KCL","HUGO",56,2019-08-27 02:14:00,"G",-65.2156492879934,-15.9077695215815
"KCL","HUGO",56,2019-08-27 02:14:00,"G",-65.2154884863736,-15.9077052132082
"KCL","HUGO",56,2019-08-27 02:14:00,"G",-65.2156260901866,-15.9077663145905
"KCL","HUGO",56,2019-08-27 02:14:00,"G",-65.2153998367687,-15.9076628160723
"KCL","HUGO",56,2019-08-27 02:14:00,"G",-65.2155688700298,-15.9077707836205
"KCL","HUGO",56,2019-08-27 02:14:00,"G",-65.2156167187003,-15.9078304245173
"KCL","HUGO",56,2019-08-27 02:14:00,"G",-65.2156653135365,-15.9078242171782
"KCL","HUGO",56,2019-08-27 04:30:00,"G",-65.2155024148669,-15.9077533186788
"KCL","HUGO",56,2019-08-27 04:30:00,"G",-65.2155144064436,-15.9076376974493
"KCL","HUGO",56,2019-08-27 04:30:00,"G",-65.2154382594482,-15.9076947046255
"KCL","HUGO",56,2019-08-27 04:30:00,"G",-65.215434085366,-15.9076619409634
"KCL","HUGO",56,2019-08-27 04:30:00,"G",-65.21538656366,-15.9077518281228
"KCL","HUGO",56,2019-08-27 04:30:00,"G",-65.215627341991,-15.9078003617457
"KCL","HUGO",56,2019-08-27 04:30:00,"G",-65.215614800005,-15.9078246471131
"KCL","HUGO",56,2019-08-27 04:30:00,"G",-65.2155775827015,-15.9077395687007
"KCL","HUGO",56,2019-08-27 04:30:00,"G",-65.2155448150953,-15.9077803083053
"KCL","HUGO",56,2019-08-27 04:30:00,"G",-65.2155200395032,-15.9076799127139
"KCL","HUGO",56,2019-08-27 04:30:00,"G",-65.2155142622038,-15.9077259175356
"KCL","HUGO",56,2019-08-27 04:30:00,"G",-65.2156024986268,-15.9077586150308
"KCL","HUGO",56,2019-08-27 04:30:00,"G",-65.2155807228351,-15.9076960360082
"KCL","HUGO",56,2019-08-27 04:30:00,"G",-65.2154791418727,-15.9077374669821
"KCL","HUGO",56,2019-08-27 04:30:00,"G",-65.2154684478864,-15.9077480848465
"KCL","HUGO",56,2019-08-27 04:30:00,"G",-65.2156002325519,-15.9077376450118
"KCL","HUGO",56,2019-08-27 04:30:00,"G",-65.2154727780121,-15.9077261003667
"KCL","HUGO",56,2019-08-27 04:30:00,"G",-65.2156146331654,-15.9076560041984
"KCL","HUGO",56,2019-08-27 04:30:00,"G",-65.2155589351046,-15.907821675062
"KCL","HUGO",56,2019-08-27 04:30:00,"G",-65.2154829055102,-15.9077512804365
"KCL","HUGO",56,2019-08-27 04:30:00,"G",-65.2155870857005,-15.9077846831926
"KCL","HUGO",56,2019-08-27 04:30:00,"G",-65.2154277289956,-15.9078011366566
"KCL","HUGO",56,2019-08-27 04:30:00,"G",-65.2154776714094,-15.9077090559575
"KCL","HUGO",56,2019-08-27 04:30:00,"G",-65.2156592896216,-15.9077031733335
"KCL","HUGO",56,2019-08-27 04:30:00,"G",-65.2155785384783,-15.9077377429536
"KCL","HUGO",56,2019-08-27 04:30:00,"G",-65.2155399868976,-15.9077781403476
"KCL","HUGO",56,2019-08-27 04:30:00,"G",-65.21554560468,-15.9077518789495
"KCL","HUGO",56,2019-08-27 04:30:00,"G",-65.2155418205728,-15.9077551419193
"KCL","HUGO",56,2019-08-27 04:30:00,"G",-65.2155552294754,-15.9077415705991
"KCL","HUGO",56,2019-08-27 04:30:00,"G",-65.2156197426552,-15.9076901748295
"KCL","HUGO",56,2019-08-27 04:30:00,"G",-65.2155162755795,-15.9078246580655
"KCL","HUGO",56,2019-08-27 04:30:00,"G",-65.2155521321487,-15.907762887225
"KCL","HUGO",56,2019-08-27 04:30:00,"G",-65.2154266016698,-15.9077142888454
"KCL","HUGO",56,2019-08-27 04:30:00,"G",-65.2155548666787,-15.9078530754076
"KCL","HUGO",56,2019-08-27 04:30:00,"G",-65.2154938142244,-15.9077922246748
"KCL","HUGO",56,2019-08-27 04:30:00,"G",-65.215616319649,-15.9078420920466
"KCL","HUGO",56,2019-08-27 04:30:00,"G",-65.2154633559449,-15.907701253787
"KCL","HUGO",56,2019-08-27 04:30:00,"G",-65.2155404381036,-15.9077546494073
"KCL","HUGO",56,2019-08-27 04:30:00,"G",-65.2155036850408,-15.9078037970198
"KCL","HUGO",56,2019-08-27 04:30:00,"G",-65.2155019354908,-15.9077754179103
"KCL","HUGO",56,2019-08-27 04:30:00,"G",-65.2155459236937,-15.9077657928479
"KCL","HUGO",56,2019-08-27 04:30:00,"G",-65.2155768650382,-15.907658906256
"KCL","HUGO",56,2019-08-27 04:30:00,"G",-65.2155593541715,-15.9077312308493
"KCL","HUGO",56,2019-08-27 04:30:00,"G",-65.2155982604446,-15.907770804159
"KCL","HUGO",56,2019-08-27 04:30:00,"G",-65.2154867867907,-15.9077518454487
"KCL","HUGO",56,2019-08-27 04:30:00,"G",-65.2154217543049,-15.9076838184167
"KCL","HUGO",56,2019-08-27 04:30:00,"G",-65.2155518779731,-15.9077374179975
"KCL","HUGO",56,2019-08-27 04:30:00,"G",-65.21558310198,-15.9076994606706
"KCL","HUGO",56,2019-08-27 04:30:00,"G",-65.2155854849603,-15.9077776288123
"KCL","HUGO",56,2019-08-27 04:30:00,"G",-65.2155089228484,-15.9077475611681
"KCL","HUGO",56,2019-08-27 04:30:00,"G",-65.2154740732984,-15.9076671457263
"KCL","HUGO",56,2019-08-27 04:30:00,"G",-65.2156153124387,-15.9078048460458
"KCL","HUGO",56,2019-08-27 04:30:00,"G",-65.2155182640233,-15.9077372059547
"KCL","HUGO",56,2019-08-27 04:30:00,"G",-65.2155449239742,-15.9076535191019
"KCL","HUGO",56,2019-08-27 04:30:00,"G",-65.2154874060046,-15.907727347253
"KCL","HUGO",56,2019-08-27 04:30:00,"G",-65.2154821732411,-15.9077024945268
"KCL","HUGO",56,2019-08-27 04:30:00,"G",-65.2154538726056,-15.9077351552323
"KCL","HUGO",56,2019-08-27 04:30:00,"G",-65.2155395312746,-15.9076632828604
"KCL","HUGO",56,2019-08-27 04:30:00,"G",-65.2155137337929,-15.9077624139927
"KCL","HUGO",56,2019-08-27 04:30:00,"G",-65.2154401332577,-15.9076437010034
"KCL","HUGO",56,2019-08-27 04:30:00,"G",-65.2155295239245,-15.9078120930644
"KCL","HUGO",56,2019-08-27 04:30:00,"G",-65.2155413016612,-15.9077437258672
"KCL","HUGO",56,2019-08-27 04:30:00,"G",-65.2154920874478,-15.9076842396125
"KCL","HUGO",56,2019-08-27 04:30:00,"G",-65.2154725908826,-15.9077895934749
"KCL","HUGO",56,2019-08-27 04:30:00,"G",-65.2155012235901,-15.9077304489027
"KCL","HUGO",56,2019-08-27 04:30:00,"G",-65.2155316594261,-15.9077611458041
"KCL","HUGO",56,2019-08-27 04:30:00,"G",-65.2156047746741,-15.9078625350098
"KCL","HUGO",56,2019-08-27 04:30:00,"G",-65.2155053907157,-15.907765211157
"KCL","HUGO",56,2019-08-27 04:30:00,"G",-65.215520595183,-15.9077881131856
"KCL","HUGO",56,2019-08-27 04:30:00,"G",-65.2155490332535,-15.9077153570285
"KCL","HUGO",56,2019-08-27 04:30:00,"G",-65.2155105509237,-15.9077820991656
"KCL","HUGO",56,2019-08-27 04:30:00,"G",-65.2154862545242,-15.9077065480438
"KCL","HUGO",56,2019-08-27 04:30:00,"G",-65.2155742214719,-15.9077771327886
"KCL","HUGO",56,2019-08-27 04:30:00,"G",-65.2155429487076,-15.9077304566512
"KCL","HUGO",56,2019-08-27 04:30:00,"G",-65.2155728430085,-15.9078134917226
"KCL","HUGO",56,2019-08-27 04:30:00,"G",-65.215566950624,-15.9077411972355
"KCL","HUGO",56,2019-08-27 04:30:00,"G",-65.2155679217626,-15.9077093546298
"KCL","HUGO",56,2019-08-27 04:30:00,"G",-65.2155014969621,-15.9077963813663
"KCL","HUGO",56,2019-08-27 04:30:00,"G",-65.215619766853,-15.9077532438369
"KCL","HUGO",56,2019-08-27 04:30:00,"G",-65.2154969542922,-15.9076868067901
"KCL","HUGO",56,2019-08-27 04:30:00,"G",-65.2154790419428,-15.9076923063979
"KCL","HUGO",56,2019-08-27 04:30:00,"G",-65.2154593375296,-15.9077137058109
"KCL","HUGO",56,2019-08-27 04:30:00,"G",-65.2155199553327,-15.907770217454
"KCL","HUGO",56,2019-08-27 04:30:00,"G",-65.2156126402571,-15.9078013332073
"KCL","HUGO",56,2019-08-27 04:30:00,"G",-65.2155632723488,-15.907779362984
"KCL","HUGO",56,2019-08-27 04:30:00,"G",-65.2155390541009,-15.9077438758031
"KCL","HUGO",56,2019-08-27 04:30:00,"G",-65.2155053020912,-15.9077299575534
"KCL","HUGO",56,2019-08-27 04:30:00,"G",-65.2155898185287,-15.9077873359816
"KCL","HUGO",56,2019-08-27 04:30:00,"G",-65.2154340389079,-15.9077010511406
"KCL","HUGO",56,2019-08-27 04:30:00,"G",-65.2155738487156,-15.9076695038455
"KCL","HUGO",56,2019-08-27 04:30:00,"G",-65.2154485843455,-15.9076845337917
"KCL","HUGO",56,2019-08-27 04:30:00,"G",-65.2155180332185,-15.9077741764344
"KCL","HUGO",56,2019-08-27 04:30:00,"G",-65.2154370006772,-15.9076956503874
"KCL","HUGO",56,2019-08-27 04:30:00,"G",-65.2154722038645,-15.9077358126456
"KCL","HUGO",56,2019-08-27 04:30:00,"G",-65.2155863325419,-15.9077791022446
"KCL","HUGO",56,2019-08-27 04:30:00,"G",-65.2154994741178,-15.9077584801899
"KCL","HUGO",56,2019-08-27 04:30:00,"G",-65.215457107523,-15.9077346571514
"KCL","HUGO",56,2019-08-27 04:30:00,"G",-65.2154814586463,-15.9076995278366
"KCL","HUGO",56,2019-08-27 04:30:00,"G",-65.2155166400707,-15.9077599051819
"KCL","HUGO",56,2019-08-27 04:30:00,"G",-65.2154865112716,-15.9077214264167
"KCL","HUGO",56,2019-08-27 06:47:00,"G",-65.2153978051122,-15.907779691609
"KCL","HUGO",56,2019-08-27 06:47:00,"G",-65.2154703107594,-15.9077815175794
"KCL","HUGO",56,2019-08-27 06:47:00,"G",-65.2155925984171,-15.907809294545
"KCL","HUGO",56,2019-08-27 06:47:00,"G",-65.2156205664121,-15.9078492870031
"KCL","HUGO",56,2019-08-27 06:47:00,"G",-65.215467915536,-15.9077247410866
"KCL","HUGO",56,2019-08-27 06:47:00,"G",-65.2155542154405,-15.9077062435637
"KCL","HUGO",56,2019-08-27 06:47:00,"G",-65.2155228941235,-15.9076873019284
"KCL","HUGO",56,2019-08-27 06:47:00,"G",-65.2155550400513,-15.9077004125127
"KCL","HUGO",56,2019-08-27 06:47:00,"G",-65.2155741806516,-15.9077730286227
"KCL","HUGO",56,2019-08-27 06:47:00,"G",-65.2154532233203,-15.9077228303768
"KCL","HUGO",56,2019-08-27 06:47:00,"G",-65.2154743144264,-15.9077587552882
"KCL","HUGO",56,2019-08-27 06:47:00,"G",-65.2156471913041,-15.9077289877705
"KCL","HUGO",56,2019-08-27 06:47:00,"G",-65.2155547042199,-15.9078019170877
"KCL","HUGO",56,2019-08-27 06:47:00,"G",-65.2156011172834,-15.907708418144
"KCL","HUGO",56,2019-08-27 06:47:00,"G",-65.215405793563,-15.907797321639
"KCL","HUGO",56,2019-08-27 06:47:00,"G",-65.2155246534432,-15.9077434639198
"KCL","HUGO",56,2019-08-27 06:47:00,"G",-65.2155025113262,-15.9077301811469
"KCL","HUGO",56,2019-08-27 06:47:00,"G",-65.2154793985302,-15.9077464791808
"KCL","HUGO",56,2019-08-27 06:47:00,"G",-65.2155949326989,-15.9077823684807
"KCL","HUGO",56,2019-08-27 06:47:00,"G",-65.2156058758957,-15.9077599473749
"KCL","HUGO",56,2019-08-27 06:47:00,"G",-65.2153704732293,-15.9076728777205
"KCL","HUGO",56,2019-08-27 06:47:00,"G",-65.215470001654,-15.9077430249267
"KCL","HUGO",56,2019-08-27 06:47:00,"G",-65.2155023437231,-15.907815065209
"KCL","HUGO",56,2019-08-27 06:47:00,"G",-65.2156300643733,-15.9077473809448
"KCL","HUGO",56,2019-08-27 06:47:00,"G",-65.2154483459448,-15.9077216261251
"KCL","HUGO",56,2019-08-27 06:47:00,"G",-65.2154666283198,-15.9077969665206
"KCL","HUGO",56,2019-08-27 06:47:00,"G",-65.2154739759129,-15.907758522831
"KCL","HUGO",56,2019-08-27 06:47:00,"G",-65.2155385858617,-15.9077691565118
"KCL","HUGO",56,2019-08-27 06:47:00,"G",-65.2155588012147,-15.9077157765153
"KCL","HUGO",56,2019-08-27 06:47:00,"G",-65.2155472056167,-15.9077853310236
"KCL","HUGO",56,2019-08-27 06:47:00,"G",-65.2154819966117,-15.9077474577718
"KCL","HUGO",56,2019-08-27 06:47:00,"G",-65.2155268299912,-15.9077621901488
"KCL","HUGO",56,2019-08-27 06:47:00,"G",-65.2155278175156,-15.9077617136173
"KCL","HUGO",56,2019-08-27 06:47:00,"G",-65.2154919777315,-15.9077562504795
"KCL","HUGO",56,2019-08-27 06:47:00,"G",-65.2155543721319,-15.9077455331978
"KCL","HUGO",56,2019-08-27 06:47:00,"G",-65.2155670188154,-15.907837437968
"KCL","HUGO",56,2019-08-27 06:47:00,"G",-65.215536423517,-15.9077352826126
"KCL","HUGO",56,2019-08-27 06:47:00,"G",-65.2155091982142,-15.9076669755322
"KCL","HUGO",56,2019-08-27 06:47:00,"G",-65.2156305073134,-15.9077666977407
"KCL","HUGO",56,2019-08-27 06:47:00,"G",-65.2155647656475,-15.9078270489105
"KCL","HUGO",56,2019-08-27 06:47:00,"G",-65.2155303911349,-15.9077827708679
"KCL","HUGO",56,2019-08-27 06:47:00,"G",-65.215548312503,-15.9077761207945
"KCL","HUGO",56,2019-08-27 06:47:00,"G",-65.2155252814134,-15.9077029552238
"KCL","HUGO",56,2019-08-27 06:47:00,"G",-65.2156054698767,-15.9077546828462
"KCL","HUGO",56,2019-08-27 06:47:00,"G",-65.2153737262817,-15.9076704232879
"KCL","HUGO",56,2019-08-27 06:47:00,"G",-65.2155570783301,-15.9078017483424
"KCL","HUGO",56,2019-08-27 06:47:00,"G",-65.2155125375075,-15.9077802024513
"KCL","HUGO",56,2019-08-27 06:47:00,"G",-65.2155303214803,-15.9077650140577
"KCL","HUGO",56,2019-08-27 06:47:00,"G",-65.2155715464181,-15.9077500389608
"KCL","HUGO",56,2019-08-27 06:47:00,"G",-65.2155047522294,-15.9078046526299
"KCL","HUGO",56,2019-08-27 06:47:00,"G",-65.2154871448786,-15.9077761476197
"KCL","HUGO",56,2019-08-27 06:47:00,"G",-65.2155368942007,-15.9078434662346
"KCL","HUGO",56,2019-08-27 06:47:00,"G",-65.2156256222108,-15.9077508610403
"KCL","HUGO",56,2019-08-27 06:47:00,"G",-65.2156380670788,-15.907746463625
"KCL","HUGO",56,2019-08-27 06:47:00,"G",-65.2154839922492,-15.9076581628348
"KCL","HUGO",56,2019-08-27 06:47:00,"G",-65.2154576731799,-15.9078116828359
"KCL","HUGO",56,2019-08-27 06:47:00,"G",-65.2155593994304,-15.9077664210857
"KCL","HUGO",56,2019-08-27 06:47:00,"G",-65.2155468099691,-15.9077481929708
"KCL","HUGO",56,2019-08-27 06:47:00,"G",-65.2155625405494,-15.9077617752454
"KCL","HUGO",56,2019-08-27 06:47:00,"G",-65.2154263167062,-15.9077427520797
"KCL","HUGO",56,2019-08-27 06:47:00,"G",-65.2155621725439,-15.90777303794
"KCL","HUGO",56,2019-08-27 06:47:00,"G",-65.2155624834208,-15.9077193345348
"KCL","HUGO",56,2019-08-27 06:47:00,"G",-65.2156088841647,-15.9077713119013
"KCL","HUGO",56,2019-08-27 06:47:00,"G",-65.2155522819209,-15.9078125356533
"KCL","HUGO",56,2019-08-27 06:47:00,"G",-65.2155700499574,-15.9077757458753
"KCL","HUGO",56,2019-08-27 06:47:00,"G",-65.2155066971408,-15.9077498334059
"KCL","HUGO",56,2019-08-27 06:47:00,"G",-65.2154833951993,-15.9078103536669
"KCL","HUGO",56,2019-08-27 06:47:00,"G",-65.2154872269965,-15.9077880188711
"KCL","HUGO",56,2019-08-27 06:47:00,"G",-65.2154357289658,-15.9077550907299
"KCL","HUGO",56,2019-08-27 06:47:00,"G",-65.2155008843759,-15.9077442806269
"KCL","HUGO",56,2019-08-27 06:47:00,"G",-65.2154853802406,-15.9077114531746
"KCL","HUGO",56,2019-08-27 06:47:00,"G",-65.2155193393586,-15.907699856541
"KCL","HUGO",56,2019-08-27 06:47:00,"G",-65.215521632634,-15.9076465098395
"KCL","HUGO",56,2019-08-27 06:47:00,"G",-65.215449258346,-15.9077755419839
"KCL","HUGO",56,2019-08-27 06:47:00,"G",-65.2153904951906,-15.9077807373781
"KCL","HUGO",56,2019-08-27 06:47:00,"G",-65.2155458668685,-15.9077580737984
"KCL","HUGO",56,2019-08-27 06:47:00,"G",-65.2156520948187,-15.9077635426413
"KCL","HUGO",56,2019-08-27 06:47:00,"G",-65.2155809889988,-15.9077435458532
"KCL","HUGO",56,2019-08-27 06:47:00,"G",-65.2155204109182,-15.9077548082946
"KCL","HUGO",56,2019-08-27 06:47:00,"G",-65.2155116562751,-15.9077296458056
"KCL","HUGO",56,2019-08-27 06:47:00,"G",-65.2154492677497,-15.9077415441869
"KCL","HUGO",56,2019-08-27 06:47:00,"G",-65.2155155743451,-15.907731107008
"KCL","HUGO",56,2019-08-27 06:47:00,"G",-65.215613045162,-15.9077195873803
"KCL","HUGO",56,2019-08-27 06:47:00,"G",-65.2155092106419,-15.9077599691312
"KCL","HUGO",56,2019-08-27 06:47:00,"G",-65.2156544654096,-15.9077622669214
"KCL","HUGO",56,2019-08-27 06:47:00,"G",-65.2154764431515,-15.9077449955696
"KCL","HUGO",56,2019-08-27 06:47:00,"G",-65.2155138577318,-15.9077606100012
"KCL","HUGO",56,2019-08-27 06:47:00,"G",-65.2155154726488,-15.9077646998453
"KCL","HUGO",56,2019-08-27 06:47:00,"G",-65.2155432814704,-15.9076644653506
"KCL","HUGO",56,2019-08-27 06:47:00,"G",-65.2155657315175,-15.9077441823202
"KCL","HUGO",56,2019-08-27 06:47:00,"G",-65.2155289279685,-15.9077730281784
"KCL","HUGO",56,2019-08-27 06:47:00,"G",-65.215504225828,-15.9078252582808
"KCL","HUGO",56,2019-08-27 06:47:00,"G",-65.2155735962319,-15.9077942503079
"KCL","HUGO",56,2019-08-27 06:47:00,"G",-65.2155166442844,-15.9077982544099
"KCL","HUGO",56,2019-08-27 06:47:00,"G",-65.2155629220058,-15.907776705672
"KCL","HUGO",56,2019-08-27 06:47:00,"G",-65.2154027717359,-15.9077238462625
"KCL","HUGO",56,2019-08-27 06:47:00,"G",-65.2154949593825,-15.9077794836237
"KCL","HUGO",56,2019-08-27 06:47:00,"G",-65.2155862437264,-15.90771119062
"KCL","HUGO",56,2019-08-27 06:47:00,"G",-65.2155405052289,-15.9078114668663
"KCL","HUGO",56,2019-08-27 06:47:00,"G",-65.2154741762475,-15.9078203000304
"KCL","HUGO",56,2019-08-27 08:59:00,"G",-65.2154549220407,-15.9077234355559
"KCL","HUGO",56,2019-08-27 08:59:00,"G",-65.2155592876212,-15.9077520450002
"KCL","HUGO",56,2019-08-27 08:59:00,"G",-65.2155187312074,-15.9076664528437
"KCL","HUGO",56,2019-08-27 08:59:00,"G",-65.2154409135208,-15.907687222337
"KCL","HUGO",56,2019-08-27 08:59:00,"G",-65.2154733702216,-15.9077251939849
"KCL","HUGO",56,2019-08-27 08:59:00,"G",-65.2155713023464,-15.9077885599839
"KCL","HUGO",56,2019-08-27 08:59:00,"G",-65.2154270002661,-15.9077442616717
"KCL","HUGO",56,2019-08-27 08:59:00,"G",-65.2155250849548,-15.9077138524896
"KCL","HUGO",56,2019-08-27 08:59:00,"G",-65.2155128690482,-15.9077237807023
"KCL","HUGO",56,2019-08-27 08:59:00,"G",-65.2154579000813,-15.9077577108473
"KCL","HUGO",56,2019-08-27 08:59:00,"G",-65.2156330355186,-15.9077741212243
"KCL","HUGO",56,2019-08-27 08:59:00,"G",-65.2155572571523,-15.9077205721038
"KCL","HUGO",56,2019-08-27 08:59:00,"G",-65.2154539336085,-15.9076998309874
"KCL","HUGO",56,2019-08-27 08:59:00,"G",-65.215456052163,-15.9077717413179
"KCL","HUGO",56,2019-08-27 08:59:00,"G",-65.2154986791271,-15.9077460314576
"KCL","HUGO",56,2019-08-27 08:59:00,"G",-65.2154213071417,-15.9077251607018
"KCL","HUGO",56,2019-08-27 08:59:00,"G",-65.2154993495537,-15.9077056826371
"KCL","HUGO",56,2019-08-27 08:59:00,"G",-65.2155942178375,-15.9077947340551
"KCL","HUGO",56,2019-08-27 08:59:00,"G",-65.215511177511,-15.9077849523793
"KCL","HUGO",56,2019-08-27 08:59:00,"G",-65.2155253917127,-15.9078226685766
"KCL","HUGO",56,2019-08-27 08:59:00,"G",-65.2155579168864,-15.9078588887815
"KCL","HUGO",56,2019-08-27 08:59:00,"G",-65.2156050184365,-15.9077601693969
"KCL","HUGO",56,2019-08-27 08:59:00,"G",-65.2154700429993,-15.9077754277658
"KCL","HUGO",56,2019-08-27 08:59:00,"G",-65.2155308497735,-15.9077682958478
"KCL","HUGO",56,2019-08-27 08:59:00,"G",-65.2155044383378,-15.9077106248912
"KCL","HUGO",56,2019-08-27 08:59:00,"G",-65.215617483184,-15.9077670890163
"KCL","HUGO",56,2019-08-27 08:59:00,"G",-65.2155904653505,-15.9077623435517
"KCL","HUGO",56,2019-08-27 08:59:00,"G",-65.2154588839218,-15.9077451243169
"KCL","HUGO",56,2019-08-27 08:59:00,"G",-65.2155724679893,-15.9077447748189
"KCL","HUGO",56,2019-08-27 08:59:00,"G",-65.2155590543829,-15.907737018239
"KCL","HUGO",56,2019-08-27 08:59:00,"G",-65.2155045968252,-15.9076806432244
"KCL","HUGO",56,2019-08-27 08:59:00,"G",-65.2155472333947,-15.9077071069099
"KCL","HUGO",56,2019-08-27 08:59:00,"G",-65.2155221323035,-15.9076791676914
"KCL","HUGO",56,2019-08-27 08:59:00,"G",-65.215533334484,-15.9077625665844
"KCL","HUGO",56,2019-08-27 08:59:00,"G",-65.2154019698925,-15.9077405127087
"KCL","HUGO",56,2019-08-27 08:59:00,"G",-65.2155145079272,-15.907784919613
"KCL","HUGO",56,2019-08-27 08:59:00,"G",-65.2154652025616,-15.907710961108
"KCL","HUGO",56,2019-08-27 08:59:00,"G",-65.2154572672439,-15.9077534264368
"KCL","HUGO",56,2019-08-27 08:59:00,"G",-65.2155279801365,-15.9077808763259
"KCL","HUGO",56,2019-08-27 08:59:00,"G",-65.2155672420681,-15.9077391652952
"KCL","HUGO",56,2019-08-27 08:59:00,"G",-65.2155908043937,-15.9078011491644
"KCL","HUGO",56,2019-08-27 08:59:00,"G",-65.2154990768958,-15.9076895289931
"KCL","HUGO",56,2019-08-27 08:59:00,"G",-65.2155682447569,-15.9078714420166
"KCL","HUGO",56,2019-08-27 08:59:00,"G",-65.2155962313897,-15.9077548589766
"KCL","HUGO",56,2019-08-27 08:59:00,"G",-65.2154224892882,-15.9077601369735
"KCL","HUGO",56,2019-08-27 08:59:00,"G",-65.2155751899491,-15.90774247024
"KCL","HUGO",56,2019-08-27 08:59:00,"G",-65.2156426378294,-15.907751460931
"KCL","HUGO",56,2019-08-27 08:59:00,"G",-65.215534895899,-15.9077413988149
"KCL","HUGO",56,2019-08-27 08:59:00,"G",-65.2154813415281,-15.9077060018952
"KCL","HUGO",56,2019-08-27 08:59:00,"G",-65.215505916874,-15.9077379062737
"KCL","HUGO",56,2019-08-27 08:59:00,"G",-65.2154498608597,-15.9077399570378
"KCL","HUGO",56,2019-08-27 08:59:00,"G",-65.2155441637616,-15.9077772424833
"KCL","HUGO",56,2019-08-27 08:59:00,"G",-65.2156163982002,-15.9077363435387
"KCL","HUGO",56,2019-08-27 08:59:00,"G",-65.2155867214283,-15.9077288762665
"KCL","HUGO",56,2019-08-27 08:59:00,"G",-65.2154943073845,-15.9077662385619
"KCL","HUGO",56,2019-08-27 08:59:00,"G",-65.2155401352939,-15.9077861930976
"KCL","HUGO",56,2019-08-27 08:59:00,"G",-65.2155359820948,-15.9077235454973
"KCL","HUGO",56,2019-08-27 08:59:00,"G",-65.2154619861227,-15.9077622373889
"KCL","HUGO",56,2019-08-27 08:59:00,"G",-65.215367937767,-15.9076683247608
"KCL","HUGO",56,2019-08-27 08:59:00,"G",-65.2155362231795,-15.9078059447033
"KCL","HUGO",56,2019-08-27 08:59:00,"G",-65.2154657834215,-15.9077000250556
"KCL","HUGO",56,2019-08-27 08:59:00,"G",-65.2155302243826,-15.9077218739698
"KCL","HUGO",56,2019-08-27 08:59:00,"G",-65.2154963797141,-15.9077425300119
"KCL","HUGO",56,2019-08-27 08:59:00,"G",-65.2155164433662,-15.9077271050711
"KCL","HUGO",56,2019-08-27 08:59:00,"G",-65.2154920250235,-15.9077335451624
"KCL","HUGO",56,2019-08-27 08:59:00,"G",-65.2155112323197,-15.9077061215067
"KCL","HUGO",56,2019-08-27 08:59:00,"G",-65.2155111179708,-15.907720660895
"KCL","HUGO",56,2019-08-27 08:59:00,"G",-65.2155167476053,-15.9077130041394
"KCL","HUGO",56,2019-08-27 08:59:00,"G",-65.2155145707293,-15.9077360014332
"KCL","HUGO",56,2019-08-27 08:59:00,"G",-65.215555119969,-15.9076898445455
"KCL","HUGO",56,2019-08-27 08:59:00,"G",-65.2155785732969,-15.9077174317714
"KCL","HUGO",56,2019-08-27 08:59:00,"G",-65.215515395678,-15.9078272324428
"KCL","HUGO",56,2019-08-27 08:59:00,"G",-65.2155243061546,-15.9076892328011
"KCL","HUGO",56,2019-08-27 08:59:00,"G",-65.2155545291906,-15.9076621164664
"KCL","HUGO",56,2019-08-27 08:59:00,"G",-65.2154158937128,-15.9077644797869
"KCL","HUGO",56,2019-08-27 08:59:00,"G",-65.2154592833347,-15.9077821210562
"KCL","HUGO",56,2019-08-27 08:59:00,"G",-65.2154757640996,-15.9077279960758
"KCL","HUGO",56,2019-08-27 08:59:00,"G",-65.2155270017649,-15.907789876354
"KCL","HUGO",56,2019-08-27 08:59:00,"G",-65.2155330447301,-15.907801443393
"KCL","HUGO",56,2019-08-27 08:59:00,"G",-65.2155825972246,-15.9077491523876
"KCL","HUGO",56,2019-08-27 08:59:00,"G",-65.2154835266066,-15.9077198879851
"KCL","HUGO",56,2019-08-27 08:59:00,"G",-65.215520197881,-15.9076992553184
"KCL","HUGO",56,2019-08-27 08:59:00,"G",-65.2156041118413,-15.9077969966659
"KCL","HUGO",56,2019-08-27 08:59:00,"G",-65.2154691587581,-15.9076944176102
"KCL","HUGO",56,2019-08-27 08:59:00,"G",-65.215533306115,-15.9077254058334
"KCL","HUGO",56,2019-08-27 08:59:00,"G",-65.2154959080293,-15.9077318464088
"KCL","HUGO",56,2019-08-27 08:59:00,"G",-65.2154268536372,-15.9076752658884
"KCL","HUGO",56,2019-08-27 08:59:00,"G",-65.2155280961196,-15.9077153008537
"KCL","HUGO",56,2019-08-27 08:59:00,"G",-65.2156329669468,-15.9077155657691
"KCL","HUGO",56,2019-08-27 08:59:00,"G",-65.2154891587336,-15.9077480020466
"KCL","HUGO",56,2019-08-27 08:59:00,"G",-65.215478987407,-15.9076989199762
"KCL","HUGO",56,2019-08-27 08:59:00,"G",-65.2154683800021,-15.9076704785108
"KCL","HUGO",56,2019-08-27 08:59:00,"G",-65.2155316081781,-15.9077464481305
"KCL","HUGO",56,2019-08-27 08:59:00,"G",-65.2155670065645,-15.9076848440869
"KCL","HUGO",56,2019-08-27 08:59:00,"G",-65.2155346410168,-15.9077790796224
"KCL","HUGO",56,2019-08-27 08:59:00,"G",-65.215503188917,-15.9077091601099
"KCL","HUGO",56,2019-08-27 08:59:00,"G",-65.2155282456388,-15.9076860573098
"KCL","HUGO",56,2019-08-27 08:59:00,"G",-65.2156746909732,-15.9077602880386
"KCL","HUGO",56,2019-08-27 08:59:00,"G",-65.2156552217901,-15.9077848683063
"KCL","HUGO",56,2019-08-27 08:59:00,"G",-65.2154698213648,-15.9077324427836
