"loc_id","elevation","slope","scale","used"
172203,2715.96987674779,33.7677068780483,5,0
181769,888.267591305278,23.0908144621249,5,0
183771,1240.08126599369,22.5609474108972,5,0
189237,595.094586501715,16.3728644519569,5,0
197183,932.967507195742,20.5384338719878,5,0
3187,898.031646035057,13.7531560722514,5,0
13691,1538.36930185206,23.9722181713613,5,0
17944,1504.74713502016,32.6250617099491,5,0
21536,194.115022861242,1.70256087092417,5,0
21880,182.41924179368,2.13334789689966,5,0
25190,518.585273185167,10.3512813162849,5,0
31180,4172.06343113419,29.9474700915462,5,0
35544,175.973160087819,1.93901955708594,5,0
37406,1337.85920444143,23.6386677468046,5,0
44244,880.607094837426,16.7138714304814,5,0
47007,182.755816187293,2.57540505076842,5,0
52722,1140.07400044878,20.0849355849697,5,0
63667,271.305622030411,3.2284486860528,5,0
66234,243.781803913764,3.05743452556635,5,0
75446,174.812661870114,1.67945564348487,5,0
77337,196.386428223038,2.20003176758106,5,0
77774,1192.83598949016,20.7733724290096,5,0
77901,200.05313276721,2.50289056076883,5,0
84620,3202.67979669343,25.73502538099,5,0
102161,215.558253623459,3.63131864797368,5,0
109992,1499.61518818353,28.6789957929221,5,0
113218,172.212653862301,1.98602697317998,5,0
135105,519.887540566705,13.7704683632193,5,0
135360,530.307144805435,12.8906856474167,5,0
135656,3188.43795800153,31.4138557037283,5,0
140161,190.209509129226,2.32878188955184,5,0
144073,198.860321255968,2.12465234834523,5,0
154771,238.855811553462,3.12673157128602,5,0
159347,1127.90856643794,19.3676003093435,5,0
167020,1365.28300335252,15.6215102129159,5,0
172325,301.801162691418,5.04611490539561,5,0
181236,123.018399405735,2.67484507081502,5,0
181387,211.843696039297,2.59712019211022,5,0
187110,211.882692038204,5.47081095436245,5,0
187469,148.990122359971,3.69534366856095,5,0
811,1446.02335085621,13.6548548334563,5,0
10707,306.237205138541,6.94887517415168,5,0
12148,160.046909315979,5.15314528438793,5,0
14103,327.17094371028,8.9131702492927,5,0
14674,209.127033903986,4.31494228465008,5,0
23846,2048.10618930101,27.570915162584,5,0
29068,220.954613886342,4.62441235968888,5,0
29818,416.148815073351,9.69313146513446,5,0
33946,181.955104962795,3.79290693888383,5,0
34056,300.980610668313,6.59547268212411,5,0
36251,229.336275618953,4.9252685456115,5,0
44805,448.381334843711,8.09349798863963,5,0
53906,257.075250198187,5.8460009361322,5,0
53965,603.948835924943,11.1831229895861,5,0
55158,165.095332243077,3.61063926820578,5,0
58732,235.322232123287,5.52909691024926,5,0
66339,154.274859814734,4.52557404734686,5,0
69461,224.021620709842,4.35731192109011,5,0
78590,182.974871818541,3.83622480726919,5,0
81046,219.862593379474,2.05705098742841,5,0
86720,1450.62047965421,31.7255105623834,5,0
88605,187.63723928845,4.85208053079356,5,0
89873,237.852641475044,4.19490913473424,5,0
90381,279.536764210396,5.01230444209644,5,0
90905,2322.35958448847,20.9644581556575,5,0
91330,171.838937475843,5.03439335404227,5,0
91431,145.60932431668,3.7979471832873,5,0
100553,134.335864020683,3.57129992739625,5,0
101324,206.472383844496,5.49879171213764,5,0
101490,2417.36920878304,24.8666371896184,5,0
115025,290.865371422869,5.12693290491392,5,0
123181,212.01108248986,3.41904587197121,5,0
123422,215.372204394867,5.83836633860782,5,0
126515,120.044419778292,2.48993132506154,5,0
127209,1155.98104582706,25.2491500531039,5,0
127389,291.437275277546,4.1239917692661,5,0
131435,256.22067522633,4.11199185434166,5,0
133686,3592.48582717159,23.6788434009131,5,0
142164,335.814986980004,4.97059442923203,5,0
145330,655.02837327796,6.75030596716401,5,0
148161,3641.09957589343,26.5293743965957,5,0
154759,311.575807474357,9.84679026441268,5,0
159538,235.770368298603,5.89405250781336,5,0
162976,358.632191145104,5.50333223892411,5,0
163006,170.388574391571,4.03441967462719,5,0
165743,191.610422398194,3.39436798760373,5,0
166554,165.972598496736,4.50070243581344,5,0
167288,908.51783947588,14.5795662866816,5,0
169393,136.26263718558,5.68419676724552,5,0
169576,114.29264226905,3.68955163942862,5,0
171130,44.0691393011589,2.40378938224507,5,0
171770,66.397395444771,2.51756067016439,5,0
172115,1253.3077365281,23.464073947779,5,0
172936,1437.26308359976,23.9195283893967,5,0
172943,50.0116190201931,3.0276776409649,5,0
173667,220.644201780825,13.6831731277699,5,0
173759,114.0231620636,4.07173161287502,5,0
175475,41.0808722194905,3.6110949590281,5,0
176732,74.2250925963051,6.16918794888363,5,0
178724,111.628275436664,3.75942305001217,5,0
178959,60.454302742648,2.94899878562245,5,0
179626,114.547003819607,3.21599386110551,5,0
180281,72.75041527366,4.27451044454181,5,0
180698,64.8385469207615,2.44492474569501,5,0
180784,113.386829412093,3.70447704321069,5,0
181362,90.8453557329987,2.72614867481944,5,0
181851,113.767065599953,4.43302683539583,5,0
182209,224.33747785146,3.28309124701485,5,0
182388,68.060039113581,2.92052621471829,5,0
182961,102.470707128721,2.86607796420836,5,0
183255,53.7519921281946,3.85198634904441,5,0
185025,603.080398877694,11.8735145376405,5,0
185183,86.3230478417345,4.35168641632146,5,0
185440,414.508147691564,11.443972258678,5,0
186049,41.0056156392177,2.94470408142568,5,0
186968,86.486315041862,3.04077058230981,5,0
187993,66.1761704211821,2.68926034827475,5,0
189321,56.2945042273535,2.64301122294281,5,0
190960,50.6709546310959,3.89529762439861,5,0
191250,110.35908963052,2.92430107292615,5,0
191665,49.5269182435024,3.12661840455978,5,0
191794,193.352550553331,4.32423464162205,5,0
192089,99.8053282136346,3.06659542558679,5,0
192221,72.4488136639796,2.82114372855877,5,0
192344,55.8102981423298,3.69286555353711,5,0
192523,570.655505173093,9.70564839149541,5,0
194751,45.5854216164385,3.89070048722006,5,0
195780,96.8791977239728,3.704495840528,5,0
195889,209.446418062272,4.84172113260178,5,0
196862,99.181443398517,4.2647648779489,5,0
197572,109.816988970233,2.59368349857556,5,0
173,72.2421074342177,4.97781771897678,5,0
236,126.722817104693,8.84983245608722,5,0
1653,31.6425654045305,2.76441943235588,5,0
2117,106.14949703614,3.332588478103,5,0
2267,53.3808853215856,3.44704037903083,5,0
2867,50.6953118842114,5.72817221247598,5,0
3021,67.2754694994024,2.595182532508,5,0
3590,60.0509314860705,2.21032450193952,5,0
4231,117.449466880378,3.07400724038075,5,0
4404,73.7774995295786,2.85788418341382,5,0
4427,122.643310086446,3.06805575129128,5,0
7318,46.6757238596885,4.79738676161206,5,0
8617,62.9793561612147,2.53830177826235,5,0
8770,82.9800769289996,3.26076081155442,5,0
8783,47.829501476113,2.51869498128806,5,0
12345,123.033298264225,3.4087201262743,5,0
12827,181.858596140126,4.0659943141047,5,0
12938,86.3227465886985,3.6360424577327,5,0
14991,98.7690869253146,3.73686838952443,5,0
15776,35.9980423667028,4.41193832112974,5,0
16001,92.5973937990195,5.04532014492047,5,0
17036,100.911138394822,3.4633863279571,5,0
17524,614.883138865688,11.1518556558144,5,0
18103,58.4357174126957,2.763179624951,5,0
20450,573.606379102221,10.1291841011842,5,0
20587,190.593238166213,4.34044974138315,5,0
24051,46.4862954313563,3.54915532210857,5,0
24282,49.945750817577,2.78540988274748,5,0
24313,23.402334220953,3.15035889144886,5,0
26591,208.04953921185,4.7226379918648,5,0
26911,148.129400616716,3.99429190690877,5,0
28030,43.2805846565503,3.51557954153225,5,0
28345,165.01599718853,4.41646958540105,5,0
28434,48.0804557621997,2.69498583642722,5,0
30105,64.977880426649,2.9921280124696,5,0
31416,119.971005670688,3.52150937330806,5,0
32294,60.4803765067495,3.81659085235402,5,0
34321,115.742004239232,3.92564347077637,5,0
34944,66.0095645880124,4.55937061567193,5,0
37169,94.0746629953166,3.58479648724654,5,0
38163,193.359897535681,4.74457965461513,5,0
38604,139.940317627433,4.48367229103795,5,0
38766,1972.96698953639,21.2553970481204,5,0
39367,144.267744125397,2.99587049485424,5,0
39860,145.671225518697,4.11949216579023,5,0
41149,102.140082133861,2.64997791442892,5,0
41680,115.108914291772,3.31236962752282,5,0
45003,49.0653998643338,2.95295401897946,5,0
45168,107.251524270087,3.36495801166516,5,0
46060,86.1634648000012,3.09947973923997,5,0
48731,117.983244652362,4.57583426796754,5,0
48911,176.686229272198,4.30606086576353,5,0
49291,44.3192968154677,2.43619662815556,5,0
49601,102.182988342812,3.99174890898432,5,0
49617,56.3522478288855,3.51329222748261,5,0
49900,63.3328974698324,2.40273014080357,5,0
52374,48.911979027432,3.43809742457823,5,0
52385,122.870338164884,2.93028883117533,5,0
52579,103.761618717981,3.04674481845741,5,0
52823,60.8632883095359,2.31442949106484,5,0
53453,74.6249221828023,2.67582133515596,5,0
54055,52.4179214628466,2.90593855079107,5,0
54470,146.934672738654,5.1777222210137,5,0
54582,86.525880970627,3.35744397313684,5,0
54968,103.719277388498,4.54106525769334,5,0
58409,65.3904754552385,2.6506158360945,5,0
58410,86.3505198574991,3.32242744711286,5,0
58568,31.6929405803758,3.85103522906696,5,0
58961,56.4273194151204,3.27878007450615,5,0
60331,77.0781423336566,2.81004056479122,5,0
60830,69.4292751151619,2.22486832140072,5,0
61751,52.8688193954235,3.74246936818937,5,0
61826,72.1742414617289,6.20515997449218,5,0
63135,106.266211289575,4.0093390122961,5,0
63360,42.4843113930982,2.30364496509752,5,0
63638,49.1183873274992,3.22077160522411,5,0
63726,194.987286852209,7.52425502985115,5,0
63756,166.62990348713,6.53224159345414,5,0
64262,41.5880828183228,2.52632426701053,5,0
65027,115.621659121133,2.72784405383665,5,0
66862,56.0029107733732,4.02172509321451,5,0
67717,23.4871686345876,2.85876229806258,5,0
68172,57.4497238257044,2.75846339048867,5,0
68577,88.1528217833597,2.86773036542484,5,0
68996,105.922116525729,4.62174063999688,5,0
70409,44.4272941565199,4.43113734525985,5,0
70618,195.630264145146,9.88067330723928,5,0
71321,42.8665838423701,2.21833975155753,5,0
72391,60.5441910484096,2.67310207932641,5,0
72561,109.628864915067,2.9822255110788,5,0
73028,49.0880201056821,3.46003099158643,5,0
73105,52.3624366319009,3.19865762686953,5,0
73276,64.9694428389842,2.79887812265129,5,0
74747,46.4377346910792,3.02491252158141,5,0
75190,107.566934190875,3.14385931768219,5,0
76799,51.6269961162958,2.89756137027774,5,0
77211,48.5889874215015,3.44772188172952,5,0
77350,49.2686045280297,4.74345619973419,5,0
77530,52.9095528872981,3.12710043893533,5,0
79868,45.8766183581815,2.26387942213457,5,0
80047,36.4727831615621,3.30885182148563,5,0
80675,40.4068959959517,1.80902883834445,5,0
80700,49.7483206445912,3.24773631471955,5,0
84439,193.187038582433,4.78723614472968,5,0
85569,60.0742765449607,2.53841052954626,5,0
86119,108.66221087136,4.51577273314365,5,0
86419,98.1105452742803,3.29174325970876,5,0
87332,190.097701091403,4.62712594407015,5,0
87632,143.279658899867,5.32585719243272,5,0
87821,179.010438818304,4.09430645930546,5,0
89101,79.4340567098082,3.69024279570898,5,0
89904,103.288384526992,4.46120472892535,5,0
90128,138.040921590495,3.23072225752108,5,0
90928,141.773269698725,3.82158074114154,5,0
91482,103.915021544513,3.22899424863402,5,0
95654,75.5296532478071,4.97431091189571,5,0
95711,107.147182993817,2.72660376192271,5,0
96103,52.4743971407384,3.50480742389306,5,0
96795,66.293169705945,2.7356093886705,5,0
96892,102.619180261188,5.19940796459365,5,0
97797,53.4067743464997,3.16538048940164,5,0
97878,50.6899869938353,2.69596307783099,5,0
98148,67.4456829420662,2.63841443377377,5,0
98817,112.446550395464,3.53419868776462,5,0
100247,88.4472950408057,2.78090095129762,5,0
100413,35.2302172651297,3.17633706194605,5,0
100955,137.813564345276,4.79947266388129,5,0
101354,58.8704079271523,3.98473869815687,5,0
101456,129.001254021618,2.85828315481578,5,0
101488,141.198920731775,3.25323101827165,5,0
102379,51.0480203008543,3.82263459056991,5,0
103482,39.4389737216762,2.47754566654604,5,0
104261,53.9965386157235,3.01571585548055,5,0
105435,105.300648376606,6.42061816609966,5,0
105534,218.96744210169,4.03383327654859,5,0
110678,46.9949250131021,3.31092831298523,5,0
111923,90.9540223156058,2.82998214586859,5,0
112620,111.579428381842,2.94055344734656,5,0
113610,45.1744857709936,3.30727573051347,5,0
114191,47.876477490953,3.98149580480346,5,0
115014,244.343740723876,3.93337906057486,5,0
115048,68.9744780051743,2.20206764487096,5,0
115896,34.7787474040607,3.58610926378667,5,0
116245,96.1709668825992,3.12961074258772,5,0
116909,83.4362016723229,3.1096595932698,5,0
118005,97.5885190177778,7.93942340533778,5,0
118877,72.8741207014338,3.27544444442934,5,0
120735,84.004737648057,3.15920235351912,5,0
121350,127.122196832892,4.39603147082496,5,0
121518,46.0174842541478,2.94877914388556,5,0
121767,72.8724188872275,2.77533583213347,5,0
122058,65.0445693434934,3.35923979287685,5,0
122404,155.832780133479,3.87684167592841,5,0
122565,95.2018371081966,3.02978914063746,5,0
123764,657.750800104561,20.8934759304337,5,0
123768,158.186278787691,9.77736181858386,5,0
124228,43.64897854608,2.82309486193774,5,0
124631,57.9364308793858,3.67419274820519,5,0
126097,128.630781980899,4.76707929683536,5,0
126105,512.799018559643,12.2627607034638,5,0
126169,113.818573908185,2.817097461096,5,0
128388,131.008880094429,2.90190376221803,5,0
128504,103.26411916633,3.81918252929241,5,0
130799,561.974059095706,15.9234267289047,5,0
131301,63.3183516130878,2.50326096330003,5,0
132430,93.0631224342248,3.54879989772773,5,0
132557,100.074445674432,3.38273955554028,5,0
133271,61.8564592412629,2.98765793635405,5,0
133344,48.4964923579418,2.00801324962495,5,0
134507,97.4610935887189,4.26293393029782,5,0
135135,123.938898578711,3.82821354928458,5,0
135626,122.033913272587,3.94508952183599,5,0
136353,62.0972929396342,2.74850948322375,5,0
136893,47.1883622253403,3.0828112181055,5,0
139313,409.427730122851,14.4163049185788,5,0
140332,442.640727744004,15.0390495732618,5,0
141116,209.945675507816,4.99293227081419,5,0
141436,110.403748342124,3.57231211025056,5,0
142302,223.026175213771,3.51991508214034,5,0
142642,123.132264972667,3.17662903564069,5,0
142998,53.4855979435537,2.54206662125795,5,0
145363,59.7623187832234,2.60701443129842,5,0
145943,238.899506198137,2.7289157654236,5,0
146460,52.1613883102112,2.85317422797293,5,0
146766,111.914425315397,2.94185717608565,5,0
147013,44.5029696730594,3.0335279166238,5,0
147087,46.3038933427844,3.22852426483105,5,0
147773,111.253904012747,2.56774520085834,5,0
148564,116.90094887308,2.6417889724142,5,0
149041,108.806474442675,2.50704031967253,5,0
149749,84.0996357601291,3.52383448225985,5,0
149920,91.4667987222087,4.50559905272439,5,0
150305,82.8116002065426,3.38414215982395,5,0
150849,94.5540953047432,3.44175645843336,5,0
152712,93.9803542740712,3.12474038499836,5,0
153670,234.584260646458,3.14098065165911,5,0
154252,30.4581744064571,2.65862145846832,5,0
154322,53.8930175314604,2.91219296870586,5,0
155084,74.1151256398715,2.27599011918158,5,0
155477,39.7780295741959,2.91800145813168,5,0
156865,113.476349618998,3.09848687629765,5,0
158289,82.2613724929842,2.87890021461871,5,0
159285,138.708266479027,4.51910231112571,5,0
159320,56.6428342403198,3.75554059852079,5,0
161064,51.6324691555623,3.19040394097064,5,0
163533,75.5330949269497,3.18688680127138,5,0
164219,41.1667976592207,2.8687850853614,5,0
164494,131.473210220241,4.36212846918809,5,0
165060,90.1080984369075,3.01619918793651,5,0
165092,97.8387864335485,3.01037004868671,5,0
166003,57.301828051946,3.21998466699807,5,0
166765,126.438998444462,4.51756145697188,5,0
167426,101.469323325525,2.91230948726129,5,0
167848,68.2908396726069,2.2604262668865,5,0
168351,65.1177239365045,4.37493602712963,5,0
168457,131.53105852786,2.49583245650281,5,0
168796,123.94137370228,4.00064533377782,5,0
169075,214.591995943663,6.18180777895016,5,0
169347,193.315767142858,5.19776637338213,5,0
169826,179.319237180601,4.00448853628926,5,0
170749,81.2756942083504,3.00327825806704,5,0
171372,192.03145749555,5.42665984467378,5,0
172029,144.438557365661,2.97515632716288,5,0
175394,273.275596894884,6.11583198304046,5,0
175526,78.9924340027382,3.57300289279179,5,0
178413,103.824173276276,2.79603258611568,5,0
179827,180.693937882167,3.62618603218912,5,0
181838,219.986738602254,4.38466215216367,5,0
183577,253.372101901191,5.52510401185228,5,0
185642,68.4230546593488,2.67065950697185,5,0
187046,45.6646669540667,3.17989752363652,5,0
187635,71.2594770737573,2.61562865587874,5,0
188808,140.87323476072,3.0477921487631,5,0
189020,53.5247731346934,3.81366170654706,5,0
190311,82.832790779551,3.23528992735619,5,0
192621,226.031247922349,7.31427798473623,5,0
192660,63.527735220598,4.04705462828776,5,0
193247,121.275049873962,2.92723261316659,5,0
193625,116.457826654404,3.31841018073198,5,0
193742,143.381651283834,4.81647757341336,5,0
194816,88.7849190446387,4.02026618153788,5,0
194876,103.102490303673,4.25400510389132,5,0
197601,75.0218606650003,2.7902435079758,5,0
198173,140.525096750847,3.0023889042229,5,0
199071,210.993164063233,4.46781421392171,5,0
1347,275.633319200514,5.03325953613579,5,0
2204,141.130631281254,3.39054928445442,5,0
3615,75.4491462014509,3.02035977168949,5,0
4128,77.852653332231,3.07574648187517,5,0
6188,213.515537787846,5.0787958098428,5,0
9343,82.3475515626825,2.58124220189666,5,0
12771,81.1685220204566,3.01335291461396,5,0
13340,75.8705832863021,2.84499324245992,5,0
13506,61.9029838707298,3.37735470253015,5,0
15407,100.177201340847,3.53743864762409,5,0
15493,165.772561577659,4.03931785230907,5,0
16736,231.215987789954,6.77726765874155,5,0
17278,73.9844106768117,2.7118311904208,5,0
18632,104.197669367302,3.10375969612572,5,0
19517,99.1978242215603,3.01237089523988,5,0
20539,120.458219914793,3.36500548563234,5,0
22965,282.016206292566,7.31464841145041,5,0
23515,174.186538987557,4.88941749361761,5,0
24001,37.835787665646,2.87712108627903,5,0
25291,161.707628815974,2.97616441129722,5,0
25937,183.380402742682,5.34395476465432,5,0
26005,147.773846781827,3.21262547280979,5,0
26449,62.8943411446051,3.38142302241994,5,0
30384,289.985281493532,7.18975029576954,5,0
30968,57.8214207532453,3.18167877776242,5,0
31125,79.4323838396652,3.08213675517572,5,0
32055,66.2344973426837,3.06859711210066,5,0
33221,240.482574622676,5.83198605041028,5,0
34286,52.6028312427887,2.8014609793405,5,0
34897,102.271787103088,3.88967909426331,5,0
35822,301.758788807515,6.84002483175535,5,0
38543,193.889176226319,4.80136366069853,5,0
39902,113.279984059745,2.98425242775051,5,0
40539,192.463545505654,4.81428589139512,5,0
40916,83.7386371942933,2.94872414384913,5,0
41332,166.855687015311,5.52341095786324,5,0
42130,87.0759630354385,3.80865747165776,5,0
43646,146.038931125443,5.48041569379407,5,0
45606,106.431876944023,4.7151156404857,5,0
47421,139.849225130415,3.22567305091466,5,0
48442,185.746844858721,4.48503234617732,5,0
49546,142.636256900635,3.05082451524693,5,0
49812,116.270535531769,3.63005447879959,5,0
50801,124.157512222999,5.01918314035068,5,0
51876,173.411956135122,4.1624516299986,5,0
54423,67.3708639547243,2.67810378372556,5,0
54933,220.445553626603,6.63892481541347,5,0
56434,203.846569502075,4.88685967300748,5,0
56982,301.955963560302,6.20176375840865,5,0
65800,160.989476817487,3.49121179225728,5,0
66057,172.246000905097,3.74689332355759,5,0
67585,109.962346289367,4.17583952293,5,0
67938,85.6934134563766,3.2800370355134,5,0
68432,170.250901416349,4.09033956829604,5,0
69125,192.030216043338,4.33669155999089,5,0
69215,217.051581060426,4.20609271451207,5,0
70318,17.9296003017823,1.26752196411267,5,0
70359,248.041473568996,6.39698480085549,5,0
72308,100.417574758829,3.30756557623417,5,0
72312,59.3618112926174,3.2713232166584,5,0
75129,166.149749936482,4.09732511234003,5,0
75914,290.262412764671,6.39297503788073,5,0
77299,105.048594567402,2.5318180765371,5,0
77559,124.577870535616,3.45764755321094,5,0
78037,290.779723206596,6.41067773581562,5,0
78130,63.3592965599894,2.82878746267656,5,0
80438,136.13834908855,3.24336613470311,5,0
81326,445.392455177134,8.60674806933797,5,0
82966,133.691050166872,2.81562460460742,5,0
83212,145.397260350703,5.38287711842065,5,0
83742,155.028199280647,3.75458011583422,5,0
85171,226.136998580086,6.48607966468869,5,0
85480,80.0187837409359,3.357809371273,5,0
85539,81.7277390553579,3.13220467082297,5,0
87433,91.1766190205325,2.50550574605555,5,0
89237,242.975563251887,6.72197946577456,5,0
91180,67.80732105984,3.03564961626967,5,0
93263,134.764909927556,3.68088084475676,5,0
95678,51.1362788477197,2.95760553318665,5,0
95825,125.450948241353,3.56795564042805,5,0
97303,145.296287596234,3.0729114107155,5,0
97442,471.806746291727,9.12422374833443,5,0
102235,72.8749113463966,2.99168681780804,5,0
103696,107.627521456345,3.72177527470891,5,0
106911,103.701400101578,3.92845608704223,5,0
107083,112.13150855523,3.02822315402834,5,0
107987,322.12091892686,8.34595438467284,5,0
108701,170.993460777112,3.71481315932727,5,0
109534,124.882843584203,3.76089992604005,5,0
110216,381.06938475997,8.59352513657261,5,0
113883,116.66791018895,4.65507298244483,5,0
114015,109.860768656902,3.31660237990861,5,0
117924,67.7091429121639,3.2379199845397,5,0
118120,250.999039212388,6.6323724755949,5,0
118382,216.674641493512,5.29253361274196,5,0
119461,85.1435940565155,2.71051975480766,5,0
122931,221.517336121351,4.79012156427552,5,0
125473,130.396553083493,3.7749145158827,5,0
125703,125.460245826669,3.26819231248421,5,0
125941,78.0024893050101,3.40102113651331,5,0
127600,143.384443962085,5.19681650877309,5,0
129557,206.97504743874,4.47630364800893,5,0
130153,117.1976079686,4.75648062459654,5,0
133109,381.036164894508,9.1398055353319,5,0
135483,257.140691053741,5.36730698976424,5,0
136019,215.549313330085,5.04668911402499,5,0
136926,98.4154007769445,3.10569184974369,5,0
137785,134.24380935365,3.73726809733008,5,0
139528,42.5138172649772,2.75500920064258,5,0
141237,108.061558819725,2.25001818733329,5,0
146507,74.780306848835,2.95969887757951,5,0
148304,248.655679589879,6.94795343246066,5,0
149119,108.733817547963,2.92713407720559,5,0
149138,312.920508694778,7.59632260867041,5,0
150552,72.5365521291187,3.0564216378046,5,0
152646,117.581481754039,2.72897821885078,5,0
155079,64.8210692063144,3.39095597437815,5,0
155627,117.072099546154,4.15078978805419,5,0
157150,121.08444865238,3.54992700848881,5,0
159738,69.8547263065079,3.19245626688383,5,0
160082,139.76008851647,3.34315826274951,5,0
161018,108.04660022962,2.95971512914559,5,0
161196,171.128758730482,3.58760527218164,5,0
161300,160.278959434398,3.61348755207769,5,0
161962,239.695698746663,7.05809509846312,5,0
163564,194.42856944756,4.22974318431801,5,0
163567,191.320734917272,4.37732593867994,5,0
163576,211.125630623514,5.12635267008173,5,0
164022,227.785551514397,4.98436718371418,5,0
164028,166.198233150132,4.14957179388737,5,0
164574,187.426434840988,5.97224271068783,5,0
165258,97.8742903904629,3.78172435631194,5,0
165801,235.744668150713,7.28063573374428,5,0
166449,308.821866001037,7.36158085069057,5,0
167973,97.6336971801439,4.31089783305798,5,0
168385,143.341108722715,2.69419965969874,5,0
174325,156.442868502855,4.27492000708858,5,0
174672,108.51714564763,3.38202504118334,5,0
176817,162.723991661772,5.43711837158417,5,0
180770,410.562542789245,15.1218174321324,5,0
182506,147.62182890866,4.57222706121255,5,0
182770,130.890857594914,3.70894714621979,5,0
188091,183.165385241899,6.24643744716826,5,0
189832,187.653353212722,5.64368268507823,5,0
193156,114.502757535488,3.06730388384667,5,0
193955,121.364934974274,3.62147283918066,5,0
730,156.96919271987,4.87909991418714,5,0
3259,153.947507241883,4.56309194445351,5,0
5978,186.220130060332,6.14199598528779,5,0
9971,206.690316472365,5.49290619821688,5,0
11557,135.33220713401,4.84283957016197,5,0
14061,111.1143113988,3.19997787611737,5,0
15290,166.568642354652,5.14421931070366,5,0
17256,125.297207397137,3.79423380848701,5,0
20458,194.862373125074,6.00958663131631,5,0
21392,190.934769889582,5.1841698743848,5,0
23439,163.289484898922,5.30334751340389,5,0
25623,167.85259130476,5.33683788288773,5,0
26878,184.075627980903,5.24095319083134,5,0
27086,167.749090760096,4.55071707920422,5,0
30114,167.270923087656,5.07370609410157,5,0
30861,122.829527066824,3.93734491251242,5,0
31185,112.231665000223,3.84050711888631,5,0
39636,185.849092130621,5.66519814657322,5,0
41087,182.471690911826,5.88867095778875,5,0
41319,204.76331314711,5.6200360172776,5,0
41364,207.654474721935,5.61050333051115,5,0
43595,134.497194248733,4.09811617632793,5,0
53465,143.489507098163,4.4883152692621,5,0
58767,159.213527103312,5.48262709329283,5,0
59088,155.013305249606,4.97276451988221,5,0
61219,146.178263691433,5.0687590927173,5,0
70647,174.858623959433,5.09410060485968,5,0
70985,128.25510240235,4.32868971099508,5,0
78849,150.365076161736,4.49662111102506,5,0
91635,195.622622588274,6.43512000687864,5,0
93568,141.825982808636,4.33135222496944,5,0
96684,118.15553744073,4.19668636596003,5,0
108099,442.859822829725,17.0313638995935,5,0
110177,205.705315083626,5.10454042697984,5,0
117715,205.020010182267,5.89075152675399,5,0
121098,96.5605290062175,3.52645182201929,5,0
126962,135.205864226943,4.14065481465813,5,0
128039,175.128753284772,6.79559030195903,5,0
128466,118.996807122659,3.29119374158023,5,0
132773,108.575582921439,3.51821337163727,5,0
133783,189.579144583719,5.45745234515737,5,0
150083,127.988092329428,3.31589623174113,5,0
150756,121.778989334545,3.52246734547023,5,0
158150,175.739830754172,4.85449221974872,5,0
158343,133.112357541995,5.27879132243453,5,0
160959,152.163053576702,4.97512871614039,5,0
161781,144.756135361974,4.85098697773727,5,0
162409,169.853307890835,5.17955278532183,5,0
163344,108.89893810755,3.9937505223505,5,0
165911,176.182174722575,6.83701787302273,5,0
168921,323.299952381555,6.77889995516246,5,0
171982,202.67000446054,4.53410482633104,5,0
173082,240.431780383142,5.62719725462185,5,0
173358,91.9026282624965,2.69616363528262,5,0
179726,223.620560760633,3.8728595793761,5,0
181363,231.608644108945,5.45794582822837,5,0
181423,268.598847355325,6.20654598508122,5,0
181969,335.314967473882,7.12845454075922,5,0
182064,192.232388232996,5.65647438423398,5,0
182959,246.106889525539,7.8929136287484,5,0
184126,124.633808419305,2.83364165197384,5,0
185579,174.568170685965,4.08553542325876,5,0
186686,296.408241347198,6.89654987253451,5,0
187988,217.598257879629,6.17326639547995,5,0
189206,207.09931274205,6.39947244427476,5,0
189231,219.13007407385,6.04186962688603,5,0
189618,233.354641823793,4.06059150252965,5,0
194796,79.2524826343305,3.08123994236628,5,0
197172,207.81047919996,5.72781075381035,5,0
197444,170.280763347318,4.87325966130308,5,0
198208,348.990642431431,7.86086340261895,5,0
96,169.096112740096,4.20630814597528,5,0
847,244.864504930962,4.29235961057446,5,0
2511,167.847296070886,3.98710480348534,5,0
4926,346.232332682061,7.95092841274468,5,0
5611,61.7587600468147,2.79389759505579,5,0
6238,219.801356152552,3.98146938013262,5,0
8806,256.127208337834,4.47371148380987,5,0
10036,84.017092242841,2.94950276000148,5,0
10099,190.119602973399,6.60313087876151,5,0
12035,244.010024276187,4.60905552956691,5,0
13031,193.437248162244,6.06171864863075,5,0
13037,92.4689984823504,2.9915749115022,5,0
14637,78.2017504717614,3.35552870220512,5,0
15175,150.387345615415,3.31980436922991,5,0
15547,306.077660981488,7.99134110167894,5,0
16611,205.110255531402,5.11485425848162,5,0
18213,137.407065649149,2.91852149770637,5,0
18955,117.111807121892,2.79979996693095,5,0
19296,268.671538566885,6.26708638066513,5,0
19317,191.997530586493,2.76639703274805,5,0
22247,76.5618703286968,3.0735086605453,5,0
25050,224.951686181277,5.7546110869975,5,0
25319,100.761243849036,3.3952264859804,5,0
25356,235.05514790356,5.79943910377263,5,0
31601,94.6727223972947,3.20891038933675,5,0
34864,243.005574021832,4.60467615014303,5,0
36895,165.729502513372,4.37273362998638,5,0
37084,200.335984256103,5.02220070522834,5,0
38190,122.869138305137,3.03091802387368,5,0
38349,243.441051646467,4.77212169939061,5,0
40669,170.701438626218,3.34894286073218,5,0
41155,233.732487640581,4.90982484229722,5,0
41796,141.375055013611,5.56649159672014,5,0
62453,350.609244588938,7.69498311602008,5,0
66087,121.394528854704,2.96433387404652,5,0
67471,302.921533375866,7.47566692269925,5,0
67700,301.105465214625,6.59601235474057,5,0
68544,57.3816636773818,2.72291533841859,5,0
68743,343.34130793401,7.87477344148534,5,0
69799,169.653380425252,4.40146017189064,5,0
71593,249.891481555797,5.03149916737863,5,0
73511,219.134447589077,7.07260740881364,5,0
80578,96.1449966333728,2.52544617698386,5,0
80835,146.679384908909,5.3425727790114,5,0
84781,91.0405424225416,2.86770200640498,5,0
86172,232.037199109958,4.46092131984925,5,0
87325,79.7752832637596,3.01016701586396,5,0
87363,110.886104096437,4.59257360457401,5,0
88715,93.5240075755941,2.92758969652756,5,0
96275,185.815282450145,3.27853824451862,5,0
97862,201.688335086686,6.31997248441417,5,0
98900,182.707999744544,3.41053577491425,5,0
101053,58.4673397807605,3.18390248279391,5,0
103008,364.130278890592,8.89623577915604,5,0
106415,199.237613770406,3.75991617387532,5,0
109842,106.929405467617,2.6473010691144,5,0
111150,287.30550033111,6.72026685674988,5,0
116432,85.6135711776566,3.13283943000337,5,0
116603,287.016143596283,4.39774742839846,5,0
117081,271.227745487457,7.23859472394579,5,0
117384,330.67481010265,6.42209176152938,5,0
117493,130.886939060252,3.99174578196158,5,0
121561,321.410106608233,8.77495646603421,5,0
125022,74.2162357670347,3.08938079380092,5,0
125263,75.3056524390291,2.82431218643253,5,0
127677,147.539342043594,2.75571061896768,5,0
133554,128.389062368264,2.61441297511056,5,0
136516,62.899214283325,2.73017800303072,5,0
141278,203.397739941032,5.36220424300847,5,0
142167,252.005198835329,4.55447405039384,5,0
142591,186.151365023694,5.91247381173063,5,0
142685,185.199704152405,4.61281255415791,5,0
143717,305.670529542596,6.28514896775087,5,0
146419,119.106097791363,2.75228312313426,5,0
149701,287.004097759385,5.96996701991652,5,0
150089,53.593079908534,2.11155538289946,5,0
151345,225.782509052423,4.06880437647475,5,0
153325,164.293164451241,4.6565315370419,5,0
153357,156.795952303627,3.73266554645692,5,0
154886,70.9786029674256,2.9383361553605,5,0
157085,234.564910921938,5.8180608912822,5,0
157363,195.739213722809,3.53279607752875,5,0
164734,257.85762219181,5.19890621179593,5,0
165033,95.6910224115392,3.03023107623455,5,0
168645,4835.29380046573,18.9667876885335,5,0
168835,113.126091598363,2.73364982623357,5,0
169289,3165.39735912801,26.1308377932951,5,0
170774,114.269759021545,2.4429986932205,5,0
171423,893.463093194185,21.3951630388296,5,0
171426,107.248429431338,3.61361596836804,5,0
173953,128.455971784719,3.42052840022081,5,0
174094,4104.46330669853,12.0119929639261,5,0
174273,279.070859391952,8.12004557618481,5,0
174436,365.332572566025,16.3138033550052,5,0
175149,3381.53178751114,18.5739373243339,5,0
175184,3112.88720448726,27.9521677086179,5,0
176440,297.395235699453,7.39490545355219,5,0
177835,4520.50840728608,30.242538107697,5,0
179369,277.510254783056,5.77203025445357,5,0
180064,4238.12191943336,21.0530545250339,5,0
180741,418.822726853578,9.00020466049696,5,0
181494,240.019878974878,6.11572669820948,5,0
183840,423.070004974404,14.7922866094598,5,0
183928,4242.03570189505,13.1989497565137,5,0
186463,409.117486969407,13.1022544550608,5,0
188171,353.751478106789,7.76469026497622,5,0
188596,2835.84854068994,13.4193926600535,5,0
190054,183.773269795932,4.72454188666562,5,0
190287,130.366325138023,2.49976385694148,5,0
191651,112.78304879111,2.8351551992663,5,0
193592,2674.62833878188,24.2330611612815,5,0
195260,300.026929186204,6.37735608619647,5,0
196715,235.405016283009,7.20024532801879,5,0
197153,3807.64688514864,12.8630433836151,5,0
197502,126.824131553718,2.43766524010585,5,0
197853,110.691800404795,2.25823887084675,5,0
198858,3790.03344281937,20.9699659870027,5,0
532,4043.35491087279,14.1733909249848,5,0
728,328.564060947478,13.2450804437291,5,0
1771,1236.92285498178,14.3157209028522,5,0
3829,4097.44075268859,14.766504222277,5,0
4031,1222.17029133692,25.231793023915,5,0
6125,159.706206257197,2.1354531269113,5,0
9826,2587.79583835981,31.1675683431541,5,0
11534,3668.45521402096,20.7008219305476,5,0
11920,569.860103653787,8.94191862196921,5,0
12369,3151.37734492755,33.0284090534548,5,0
13169,1738.85987939548,28.8881169951329,5,0
15392,834.204272657675,13.4155771366183,5,0
17575,2458.79643808521,37.0228902936856,5,0
18909,157.788162734371,2.82057969653894,5,0
18927,135.121216599025,2.96463299843691,5,0
19346,110.839820379695,2.74982744635342,5,0
21173,121.315033727417,3.78598167123839,5,0
24246,211.611876717926,5.02703515092365,5,0
24536,628.1249000459,18.1020275132895,5,0
30782,1424.84049962505,21.1033199725267,5,0
31970,1464.77378130463,16.9638004831617,5,0
33166,2596.26389578225,17.4327845491907,5,0
33977,362.14880050216,4.29980996331663,5,0
37789,414.150928038222,11.4228540973923,5,0
37985,1901.39478528902,16.0437624853428,5,0
39821,200.355998430072,4.42803610071638,5,0
40407,3989.0066392154,7.71181071811729,5,0
40440,245.390728087633,5.90136039540394,5,0
41835,645.756512742342,13.5155307369108,5,0
43270,1051.84915029777,20.6453900703449,5,0
44576,162.709938512426,3.19843816189807,5,0
45837,1841.1754216907,36.2205842984023,5,0
46286,3081.20356628227,13.6203436972657,5,0
47093,3958.8748949937,10.1103321908781,5,0
50210,4000.05829259779,4.22224271294487,5,0
50756,159.317558674973,2.83595894983117,5,0
50994,602.201954555582,11.4558021235241,5,0
52848,409.278783779793,9.89397711276338,5,0
54335,891.892999156965,19.8247530608949,5,0
58435,962.178737364208,22.9652552667525,5,0
58921,3902.30041803261,20.2804441800078,5,0
60220,203.139270025555,5.83486975949645,5,0
64274,4160.4571100842,9.65820454386934,5,0
65674,380.567982350727,10.2838266804744,5,0
66578,1136.96997530834,16.7037118697918,5,0
67143,4115.89169452788,8.07952600286939,5,0
68149,1006.73718697089,18.9630893642784,5,0
71309,4151.27180599827,13.2417514403755,5,0
71740,211.888239439314,6.40000426446425,5,0
75777,180.128050574501,4.68949304764739,5,0
76664,1894.05842693246,29.1668771948906,5,0
79522,301.518391225284,4.25247694927927,5,0
80069,4083.80962314208,16.6287263585484,5,0
80714,195.655902916227,2.56558096279296,5,0
82116,1411.80260603535,19.6395566341642,5,0
86666,714.264955242921,15.6942022260172,5,0
87087,108.148889325022,2.37316421013305,5,0
87133,431.244570654433,7.29028357454251,5,0
87481,2001.35454752432,36.7241874269554,5,0
87561,3854.96711225546,28.7694914150884,5,0
88362,264.54188098665,5.71501212326885,5,0
88635,122.752156238172,2.25311781320622,5,0
89365,4574.76382979537,17.5896354422064,5,0
90092,146.885137113136,4.29387569293467,5,0
90634,326.040755903408,4.63365551646846,5,0
91131,3621.35420579541,26.7800521038999,5,0
95355,336.42197064046,7.47024546007934,5,0
95857,214.372753815858,5.24585503134735,5,0
96492,141.888763973253,3.83146700321621,5,0
97600,2463.48895894375,26.518178698829,5,0
98544,110.816858235973,2.45770211655524,5,0
101753,4309.60074652741,18.9024289691185,5,0
102495,227.418104949808,5.38490389394397,5,0
103938,4550.52500179164,18.2397227349646,5,0
104097,256.436964979958,7.96800369021464,5,0
107297,263.724278847305,6.14994314045722,5,0
110447,4083.81628605621,21.9440513803488,5,0
111205,236.302447570018,7.16722511464648,5,0
112053,1126.16536933519,21.3088089815396,5,0
114290,3813.40328192719,25.0284704434741,5,0
114768,510.955907436314,12.4727355947659,5,0
115205,168.611619030425,3.11520186803403,5,0
115456,2120.69322218909,25.1449903265509,5,0
118427,4257.3844288173,20.6857364776451,5,0
119006,825.976451419477,21.3067839579398,5,0
119365,190.714592126667,4.59015507756629,5,0
121243,173.682126538674,5.06539592074949,5,0
122360,409.439627887053,11.8873341312151,5,0
122437,148.509217862233,3.84146666582894,5,0
123369,4276.43925418259,20.7916653688477,5,0
124090,233.54599991964,5.03883463669631,5,0
124436,1821.82130390433,18.6945194475427,5,0
126425,3912.2758979479,13.8873722165376,5,0
126446,172.026021291461,4.18729860693447,5,0
127211,2692.09297165311,32.850108662109,5,0
127251,166.782628451017,2.4650185580048,5,0
127861,393.106856721197,9.60444400986536,5,0
130279,137.976351363111,2.92454162367944,5,0
130998,968.394316593823,16.6458341222927,5,0
134192,1210.04079755343,26.8038695952829,5,0
134536,142.905425996443,3.50938429717719,5,0
134775,792.723635602291,16.8142071890075,5,0
135123,886.304789815396,13.443993064922,5,0
137375,168.830311643139,5.24291878736428,5,0
138315,4104.49950420253,22.1788640390882,5,0
138988,604.258156831102,10.927730349005,5,0
141589,2543.21064447101,29.6842931853652,5,0
142327,356.946690268352,9.54695317681689,5,0
142340,708.605081243374,15.2339759085317,5,0
142799,4154.86162326325,7.51822715219663,5,0
143254,1845.82008218043,31.3550170893267,5,0
143458,4301.83003731254,9.36400454828324,5,0
144070,335.418807664549,11.7536829656685,5,0
144717,1387.10698596106,28.1925366012913,5,0
148506,165.148185402702,2.83828646213663,5,0
152961,3385.09088348234,27.550967213476,5,0
154615,4416.63757707046,26.2217519581661,5,0
155643,186.04820718125,2.21637925867987,5,0
156164,1395.81016614811,20.5939201098418,5,0
156559,874.665578213537,16.1646906750106,5,0
158259,913.647513234361,22.4235420317053,5,0
158815,4394.820769851,19.7306948102156,5,0
161853,4011.90494780696,7.28239022786847,5,0
161993,4170.78499323053,28.8987313347184,5,0
162049,4080.1376982076,0.127609772524952,5,0
162649,173.568216692344,2.67446173686768,5,0
163472,3320.81742245436,28.7835590382134,5,0
165908,118.070084152689,2.76148894814208,5,0
167256,4560.78571042434,12.0908428825605,5,0
169088,261.930233881459,3.09368991744622,5,0
171204,414.286932216238,7.10556468335486,5,0
175722,291.160618067735,4.00926355964821,5,0
175792,417.179253826221,7.34368790489989,5,0
176655,451.403232994747,10.9080087722845,5,0
178927,333.930068700937,6.61302052318622,5,0
180144,275.135861972097,3.16443151469618,5,0
181517,323.176314050372,7.9817962361013,5,0
184600,186.516280529555,4.37607362387352,5,0
188873,325.504933718138,3.77351697717116,5,0
188875,216.252427875879,3.05112998958574,5,0
189584,363.113042283785,7.56886258686043,5,0
196397,4076.16271061835,24.6377755612649,5,0
14977,199.563427009324,3.58634639433347,5,0
19771,326.674718557435,7.05618097238786,5,0
21042,4136.64975065461,26.9238245458904,5,0
25744,310.567552242167,4.32721803256636,5,0
26549,210.805006849459,2.64259042487267,5,0
27438,394.565035893825,7.33583203142539,5,0
28463,290.425549820916,4.82211228750054,5,0
31932,486.231996581558,7.87688832989639,5,0
34420,344.682076585209,5.39204735023046,5,0
34582,446.508974086957,7.61669597324715,5,0
44126,4470.58425669793,23.0186005824237,5,0
45142,291.544573558926,3.94871884350264,5,0
48102,540.916421868051,14.942309534205,5,0
48284,241.373530741026,2.37479873370347,5,0
54711,351.322613195141,2.68525032019463,5,0
58316,329.744810802244,2.57546668089552,5,0
58994,438.126648617104,7.22906411279212,5,0
67428,242.115665779275,3.61274447306647,5,0
68672,210.324499495605,2.56305238141141,5,0
70099,316.207089117432,3.37474710179348,5,0
70708,184.205476360528,3.00516944959674,5,0
73242,365.067742503632,7.41543285838364,5,0
73824,2692.06703569973,32.2525372527734,5,0
77917,3194.1453956606,32.9169168165577,5,0
78816,432.537181240403,9.00072483725948,5,0
80445,475.190777365698,8.50860695742879,5,0
80912,451.97338744496,8.51973035199933,5,0
85859,340.469498227694,8.58758817851819,5,0
92295,263.529112401198,4.478742231114,5,0
94986,358.583381239371,6.93452307847987,5,0
101906,3277.46001812006,30.3776950127193,5,0
104044,234.340242056791,3.40436796305144,5,0
104162,332.379299941106,7.23578533487404,5,0
106018,367.604483469237,8.52648937461805,5,0
112728,199.901979328592,3.88213034162849,5,0
113959,213.777326583354,3.86304359382604,5,0
123275,832.000246195136,17.5141823187029,5,0
128226,4178.77721049782,25.3091967917203,5,0
131752,408.369172005593,7.3319390717707,5,0
132029,263.759416888315,3.4201292186399,5,0
133305,334.38294309463,5.25365664847011,5,0
141479,346.62045521188,7.45785470631046,5,0
142664,1657.60152864921,34.0112908077608,5,0
142727,240.71423492436,5.32157054815589,5,0
144693,230.153348702008,4.47336541833765,5,0
145298,232.810540043316,3.41025363873603,5,0
147153,187.911510945251,3.48830053145801,5,0
148139,298.610302532764,3.9670197815446,5,0
150760,244.1202402954,3.3744680457199,5,0
151598,207.206020015548,2.64124448203275,5,0
151629,1505.63276004949,33.9871038368703,5,0
155030,411.197348985885,7.65252647980427,5,0
155585,1484.11885898864,26.7816596463376,5,0
159636,533.450052000755,15.0661001774541,5,0
161712,846.104881162037,22.2664534395096,5,0
163879,238.073445993633,2.46654301245635,5,0
171114,98.7517429145209,3.3280368518035,5,0
172895,182.648868142988,4.74763643944121,5,0
175094,273.775005209241,6.00983126608594,5,0
183393,196.640107097281,3.79524640794865,5,0
183782,152.877940057326,3.98163802141737,5,0
185077,1952.1385361512,28.8545093918823,5,0
185695,286.737735125639,5.54379133964526,5,0
189937,145.99612736287,3.54193047686651,5,0
191802,162.295230307607,3.35227465517655,5,0
192289,134.102215405481,4.48773033239509,5,0
192370,147.597315999451,3.77885953162572,5,0
192411,128.148720271191,3.86818564224524,5,0
195382,211.940728103549,4.04883526834553,5,0
3997,160.782533425721,4.36188207765114,5,0
4297,66.0790914501012,3.81154037208535,5,0
5395,658.44983200517,11.183414504607,5,0
7649,146.987205096004,3.53503683304258,5,0
11613,141.276618059638,3.99594786258664,5,0
11919,137.951940291737,5.11101576422395,5,0
13859,144.255612348483,4.50321181484472,5,0
17863,561.464183308584,10.7818218025896,5,0
17969,157.514469700681,4.75206374108602,5,0
21572,177.223232075292,4.3045664621104,5,0
25579,107.349901797469,4.59432865991012,5,0
27983,175.516263879876,4.99437445418529,5,0
40984,156.663064360491,4.83166240977588,5,0
43484,148.237344298944,5.05220570799612,5,0
43724,503.998950246219,5.39956805619716,5,0
50979,100.66329602487,3.90350662126431,5,0
55474,172.464896274663,3.72578421719233,5,0
57519,116.716250280643,3.27556178631641,5,0
61250,230.200916797035,3.4857772971135,5,0
64860,708.469518785675,15.6794811812541,5,0
77476,94.7896553142797,3.41406951349862,5,0
82589,122.906211509875,3.62696313295215,5,0
83738,199.151119313584,4.55961968859738,5,0
87293,252.437914407919,4.18691638941311,5,0
87558,249.967527944163,3.27259149440187,5,0
88030,209.011740813086,4.27332404900275,5,0
91685,75.6343696569507,3.04124886159069,5,0
94209,114.320003800197,3.8791178705598,5,0
98748,112.979204983866,4.02740888718353,5,0
102202,175.013184920161,5.02384090313238,5,0
109204,204.946344021905,3.12354086233483,5,0
109565,112.278091723066,4.79075939761705,5,0
110008,305.402476590978,6.48687476578952,5,0
111377,236.206338933829,4.00823158970213,5,0
112555,373.547427357327,7.35937797918046,5,0
116708,126.66417258873,3.64976778803749,5,0
125825,154.815384029646,3.85753987931587,5,0
127569,96.0867678745796,2.91580192390962,5,0
127976,93.428867212656,3.22540722018768,5,0
129113,89.6140376831076,2.72672928100077,5,0
129914,178.554189079871,4.59689668296974,5,0
130328,158.414636282833,3.46638482294329,5,0
130516,98.5106702851161,3.98212496514578,5,0
134166,180.713997675462,3.21735116878273,5,0
134698,187.140653286736,3.99032223718671,5,0
140830,270.88354339458,3.89298976100446,5,0
146230,171.507945292295,4.40251800614884,5,0
147466,179.982701736166,3.52976663513279,5,0
148509,655.565130707964,12.0075763475992,5,0
156259,132.215952848818,3.77864750065067,5,0
163991,95.2628911037692,3.53022361123668,5,0
167767,179.473293629559,4.9641115976685,5,0
168667,134.932575450078,4.19703634009222,5,0
169065,13.6329581296204,2.78629467111006,5,0
170845,2.09113733268812,0.544504467868962,5,0
170882,36.8802031776648,4.31537334705649,5,0
171347,7.1525361173429,2.04545504577899,5,0
171383,0,0,5,0
172441,30.7134745134416,2.92574904247837,5,0
172763,104.873867681199,3.30507009018985,5,0
173154,83.9724497654696,4.52605316421367,5,0
173166,77.1621687113397,2.49160536400437,5,0
174256,159.014273254486,4.09406032307551,5,0
174264,37.3041220527925,4.36401938907299,5,0
175370,46.5257300589471,2.98440350845343,5,0
176420,19.1310360364221,2.33454196015656,5,0
176481,79.7130435686685,3.30077972409867,5,0
176543,18.8417444813927,3.41084979695742,5,0
177148,20.1144770114497,3.3023873098157,5,0
178827,0,0,5,0
179141,26.3566055534978,3.3163727771062,5,0
179361,173.208437605285,4.16920759188453,5,0
180119,31.0251076334796,4.65654844763099,5,0
180985,0,0,5,0
181245,114.18369425427,3.40024779402478,5,0
182361,64.9122950301018,6.68721851316886,5,0
182858,12.2002450877284,2.41061428398075,5,0
184032,0,0,5,0
184243,58.9103604453078,2.85524760248224,5,0
184762,21.0156554001655,3.13534532633194,5,0
185660,125.89677848966,4.55209601865325,5,0
186410,0,0,5,0
186524,47.2304024349609,2.46535978032823,5,0
186650,61.9503231649668,3.52349201104874,5,0
187342,12.2629302505491,1.91719656555845,5,0
187634,0,0,5,0
188268,35.1687653156453,3.61436597566763,5,0
189673,116.023743756852,3.37129710675911,5,0
190117,3.35426712169661,0.736537161464213,5,0
191183,22.1936672078608,4.50760858942163,5,0
193463,18.9869319624742,2.90428879024147,5,0
194052,24.6778514460981,3.94850996369298,5,0
194565,81.0329826668737,3.19224094115291,5,0
195063,66.5685767851799,4.14259203872882,5,0
197023,38.8254023583738,4.08454019200364,5,0
197150,26.982986472124,4.51360063949036,5,0
197549,79.6411821604257,3.40539815078798,5,0
198064,16.5695194017252,3.0028682062739,5,0
198731,8.74579541774669,2.75211889265894,5,0
199062,0,0,5,0
30,112.287883407415,4.92512467880783,5,0
243,16.6251605061171,3.01546838146649,5,0
841,131.571146815081,5.42807506319133,5,0
1082,82.6526775424413,2.46166761904433,5,0
1398,52.4918569611167,4.14443257899881,5,0
1981,63.9160465620914,2.56915584242084,5,0
3190,20.6061883594754,2.34160136101414,5,0
4588,53.5945636394267,3.58404105702995,5,0
5275,0,0,5,0
5471,0,0,5,0
6165,23.43763091801,2.68964395554027,5,0
7209,17.2675906708575,4.88874373310454,5,0
11151,370.114555808489,12.8511754328973,5,0
11164,52.9844153732422,2.71810575477117,5,0
12046,4.02947344595053,1.61742600457536,5,0
12167,6.97653040088067,2.01232961826333,5,0
12259,16.0811521300875,2.97935472061707,5,0
13962,0,0,5,0
14000,135.604557063005,3.67081000493921,5,0
14959,32.8806010426612,3.61259960194294,5,0
15044,92.1714844774935,4.61817498291104,5,0
15081,94.272044255696,2.51499599773091,5,0
15297,0,0,5,0
16251,55.0740339361536,3.41964350698267,5,0
19022,27.8483681104031,4.21477495226104,5,0
19298,73.1436067823234,2.88193122266582,5,0
19377,58.1056999412455,2.80953022191373,5,0
19573,19.126872413077,3.35799038236821,5,0
21332,16.4172956121832,3.12788964852826,5,0
21543,0,0,5,0
21570,14.0336419618844,2.5872435614613,5,0
21812,67.9427885715341,4.37921032055908,5,0
21894,241.402929301735,11.4975803618995,5,0
22078,57.6553041466705,3.35456034461516,5,0
22178,133.159221931199,3.5705793880721,5,0
24222,54.5302674552264,3.17548160907709,5,0
24234,99.9614939750569,4.20129617229005,5,0
24981,0,0,5,0
25239,2.87932189061033,1.49763968241542,5,0
25251,182.040903170499,5.75925694650425,5,0
26776,18.5110239911754,3.5876340948075,5,0
26946,16.9038511822578,2.59937625718265,5,0
27693,0,0,5,0
31422,15.5189580833618,2.96096970111213,5,0
32056,15.1029409560793,2.53531210761918,5,0
33087,64.3322555978918,3.06980669735269,5,0
33532,37.1964851727233,3.78523310574377,5,0
34739,115.69547552238,4.18117628188272,5,0
35112,0,0,5,0
35349,52.1039310027094,2.90921604410573,5,0
36766,123.730799928501,3.54601530375371,5,0
36937,0,0,5,0
37417,38.2983771298777,3.58046422600905,5,0
38312,138.291998247394,3.58278537362916,5,0
39106,17.2151755948486,2.44748877661749,5,0
39246,86.9261465868921,3.95519562077303,5,0
40084,15.3457717684711,2.04003267670612,5,0
43573,88.4508276802518,3.05698998287785,5,0
44877,13.3086759428139,2.64933135850666,5,0
45262,5.72622818540956,2.5252184745869,5,0
45327,58.3360315859497,5.52964175486984,5,0
46056,48.105885016149,6.65526338764849,5,0
47368,10.1765775203974,1.91181870002029,5,0
48565,0,0,5,0
48955,104.540453821211,4.05281971029392,5,0
49060,115.490870282879,3.77554671261516,5,0
49705,121.067081989476,4.3892288923514,5,0
50338,45.2501750084408,3.70926597622026,5,0
51173,11.6695159270575,2.7568843763629,5,0
51925,133.222486317309,4.92302101603539,5,0
52211,63.9582442434081,2.96056908191926,5,0
53457,0,0,5,0
53814,8.04002562540084,2.01374885212492,5,0
54664,141.585215374227,3.69858748227315,5,0
54931,39.5690359822165,3.24019022010244,5,0
55478,26.8258595040191,4.68572608295368,5,0
55539,28.1267091066207,4.05722850066308,5,0
55609,38.396193400116,4.37605794017138,5,0
56255,88.0031622717609,4.71308829370321,5,0
56670,0,0,5,0
56851,143.919099032897,3.66791857103289,5,0
59103,17.1388790737249,2.44186889291816,5,0
61183,0,0,5,0
61950,121.963654239492,5.20833124632095,5,0
64362,117.695251884396,3.92293509109138,5,0
64540,3.81258613455749,1.73422717534023,5,0
65020,20.285220051681,4.16268689906218,5,0
66647,3.15385618740172,1.66204197462308,5,0
66965,0,0,5,0
67280,0,0,5,0
68764,0,0,5,0
70157,49.5434772156397,4.2350241310378,5,0
70538,4.91160097197915,1.78302597259634,5,0
70650,19.0539698279168,2.83918090659431,5,0
73015,41.3474739519994,2.36967052777785,5,0
73636,57.138476879983,4.56213916803386,5,0
73924,0,0,5,0
74816,16.7377009753932,3.05175610609463,5,0
74944,0,0,5,0
75234,42.4272065306268,3.33574908781841,5,0
75451,33.4940742421622,3.65017890365366,5,0
75849,0,0,5,0
76763,87.1818586443331,2.74088991247117,5,0
76821,7.62933194621913,2.1454520221842,5,0
77451,0,0,5,0
77658,48.2923684203814,3.74875146023247,5,0
77812,4.77083397644869,1.88212949992106,5,0
78093,0,0,5,0
78203,0,0,5,0
78289,0,0,5,0
78444,100.736907012822,3.67582074357333,5,0
80447,38.9311823336665,3.91197299776999,5,0
81215,57.5622414526165,3.27428392272299,5,0
81789,50.7601408579787,3.28011373316585,5,0
82043,4.3211141353876,1.58024384375083,5,0
82193,11.471230877197,2.28678399432718,5,0
83926,50.1313739094609,2.74412941907186,5,0
84238,0,0,5,0
84939,0,0,5,0
85748,0,0,5,0
86392,0,0,5,0
86593,45.5840829632365,4.13435471184348,5,0
86766,0,0,5,0
86947,14.3395267633415,2.87508108037256,5,0
86956,97.432559258808,3.83046307363221,5,0
87144,18.5805471877403,2.32517269994533,5,0
88497,0,0,5,0
88689,35.9070781274359,4.3617941844792,5,0
90392,10.7483603461285,2.3150228707699,5,0
90600,0,0,5,0
91420,57.5527987012913,2.68986523072582,5,0
91548,63.5787905387349,2.67503611005196,5,0
92141,19.0626427427688,3.32794978651998,5,0
92718,112.148359139955,4.34341592466032,5,0
93069,87.6244211977652,7.19080400941015,5,0
93406,13.7527216304478,2.9024487184878,5,0
93451,21.9986016207117,3.38455531164362,5,0
94233,0,0,5,0
94648,0,0,5,0
94771,16.5445277420922,2.96656588229938,5,0
96130,115.96480430033,2.92366466131414,5,0
97333,34.5520929649064,3.76881476475007,5,0
97469,14.1860124068194,2.84022239463554,5,0
98114,0,0,5,0
98535,79.5817494687072,3.69011993027945,5,0
98837,255.655629905437,14.0942642017684,5,0
99993,49.2418822476693,3.14119608101218,5,0
100234,78.6967346548828,3.10114204778426,5,0
100978,0,0,5,0
102544,14.2866324178444,2.51994357105889,5,0
102750,11.6242514883417,2.79786459647229,5,0
103998,4.79099091947722,1.66556571869595,5,0
104280,51.0410792956667,3.65044629448606,5,0
104628,47.7405981583752,3.35911005531174,5,0
105248,0.335556732462105,0.121179297685313,5,0
105480,66.8904153951898,2.39644740121625,5,0
106393,0,0,5,0
107788,0,0,5,0
110218,34.0788881459179,2.77000784004087,5,0
110705,0,0,5,0
111569,4.9333639984239,1.69119604599255,5,0
112176,50.9651002308025,2.57702433013794,5,0
112843,64.7422302201832,3.06477253969971,5,0
114013,76.8213042671802,2.6601160359262,5,0
114575,15.4617583558519,2.34486742912699,5,0
114901,0,0,5,0
115203,52.8082024627696,3.31429593776482,5,0
115270,49.6983755050792,3.7492953273178,5,0
115328,0,0,5,0
116071,0,0,5,0
117587,22.952596006682,3.59564464539139,5,0
119797,0,0,5,0
120041,111.998503736308,5.74327423285749,5,0
120111,14.7354352175562,3.74291786374639,5,0
120195,16.1180373072785,2.65623802553202,5,0
123406,74.0281579617042,2.8854189149207,5,0
124553,0,0,5,0
125448,5.51224403525904,2.4440672677235,5,0
126289,33.2107955205413,4.35253186664462,5,0
128768,40.8432156784367,3.02637414309908,5,0
128927,0,0,5,0
131614,27.6824469055041,3.24943685006595,5,0
132099,3.34641537371533,0.84415574077731,5,0
134339,8.15156956514485,2.66550281405959,5,0
134821,112.239150307586,3.53266026247973,5,0
135315,0,0,5,0
136287,88.0303275759177,7.80894637740754,5,0
136467,77.2498560067374,2.58358990947252,5,0
136488,129.985149513067,3.75658208226705,5,0
136837,115.929535867281,3.70955330970968,5,0
137449,58.9359753358532,3.23299786511403,5,0
138037,38.6140020484074,4.19990609943938,5,0
138725,42.4018071666649,7.616414023365,5,0
139001,0,0,5,0
142409,20.9143864221611,2.81143369361169,5,0
143837,33.1346184598821,3.34275909708659,5,0
144272,11.7033346843004,1.92576338935275,5,0
144528,79.2167850180358,3.44621162535396,5,0
144611,9.04196025856454,2.62981533734948,5,0
145489,0,0,5,0
145671,15.6933569006524,3.9777410993358,5,0
146583,0.418752285236855,0.11570403839095,5,0
146915,92.5348916040533,4.38183314060357,5,0
147218,0,0,5,0
147288,0,0,5,0
148671,3.52046461449007,1.34353813930998,5,0
150954,111.235641229335,3.80555231478672,5,0
151036,44.5200480271603,2.93517667006332,5,0
151492,16.7711490430341,3.24655718991186,5,0
151549,0,0,5,0
152081,105.327336143259,4.49611950907675,5,0
152744,63.6513880355088,2.60049663526501,5,0
152913,0,0,5,0
153176,14.2501586499905,2.53442555052516,5,0
153723,44.2046423385954,4.71392218866323,5,0
153964,5.73772922904234,1.95519506468451,5,0
156609,37.4154687284366,2.88883397280449,5,0
156783,0,0,5,0
156876,22.1009172859245,2.42140987657284,5,0
157493,9.65073983018148,1.67751978920717,5,0
158209,14.1644122644815,3.36411041141083,5,0
159160,62.3551290307605,2.79694867581486,5,0
159211,0,0,5,0
159309,15.7748293061412,2.21517030483985,5,0
159669,19.4385388968826,2.92981355547242,5,0
159875,0,0,5,0
160531,17.5720922733668,5.19622859107422,5,0
161279,77.5818344505975,4.89747722491886,5,0
162173,0,0,5,0
162329,0,0,5,0
163427,0,0,5,0
164272,108.755153838287,3.52512567078442,5,0
165597,3.3400581008577,1.06236120550218,5,0
166450,29.3761751262814,3.65137842867945,5,0
167816,10.7826366244738,2.69793710844736,5,0
169202,286.669971302823,5.53067301740573,5,0
175731,259.37433802711,4.29199142172011,5,0
179096,129.871328764363,4.81908451437435,5,0
179488,231.02831107507,3.61877230776109,5,0
181445,199.465960360728,5.57475688862393,5,0
183425,142.206250514295,4.05338323213689,5,0
183816,220.258808230826,4.24905443294836,5,0
185935,196.024332156105,4.07444178946305,5,0
196545,238.527517252337,4.12686455958358,5,0
198148,188.68447717849,5.95519935703811,5,0
199821,203.182921728345,4.01668029897875,5,0
199993,183.095575985383,4.2070569428612,5,0
229,261.791252787919,4.95095277910098,5,0
5855,73.1453358501578,2.99866590619556,5,0
6361,142.472782452547,4.19470235634766,5,0
8638,178.949397425046,5.94550172155487,5,0
10355,265.768297830925,2.54843375455374,5,0
10598,126.853125372567,4.45029570414149,5,0
12539,230.667978181416,6.07326491120935,5,0
13611,251.072932601088,7.77330343941812,5,0
16171,125.631434363743,4.21661235657418,5,0
16968,101.965020762437,3.34864878077184,5,0
21798,127.080788013573,3.61650703803915,5,0
23685,134.324724048846,6.87914340894207,5,0
23770,289.875564771005,7.68519433737289,5,0
24337,117.962968576411,4.40824792242644,5,0
31433,512.092286576693,10.8324506262207,5,0
31700,241.669996976809,3.0092729241684,5,0
32985,1333.75751352922,31.0836197986909,5,0
35257,247.93485228444,4.17580243661561,5,0
36144,215.721094962532,3.44606015925324,5,0
36971,275.635251931101,3.29063245990884,5,0
37560,115.247252339821,2.7574003622464,5,0
38070,178.660517095537,5.68129160118807,5,0
38871,233.703816521076,4.7037996029207,5,0
39726,79.9373795551554,3.5913531467407,5,0
39972,210.952142904642,4.59305567344051,5,0
41140,130.113562601563,4.39843933161948,5,0
41263,185.479576617434,3.69903107314511,5,0
41940,254.966952639991,3.5144629893254,5,0
46977,130.135403815915,4.1143357800886,5,0
48070,76.9478201654366,2.66609491240698,5,0
48094,221.909936709692,3.88131753506765,5,0
51080,115.284961239587,3.45995324425011,5,0
53301,257.232890309358,3.01762644532483,5,0
53409,116.037862795111,5.02253989845053,5,0
56267,219.478875424057,5.07153213389325,5,0
56350,211.402759775729,5.32612457493453,5,0
57435,109.461551215244,5.39759014366216,5,0
57652,230.501314398776,2.69611299010281,5,0
59694,80.5950523161093,2.9031265401856,5,0
60318,230.853088535554,3.52433965421439,5,0
64162,148.292028639451,5.34785413800902,5,0
71287,186.452981212998,3.15299238634747,5,0
71951,243.326312847029,2.97519759521547,5,0
73928,154.786331821284,3.93901485358086,5,0
74077,235.891791677584,2.7502097639121,5,0
75189,124.371088120715,3.95941701642957,5,0
78983,105.213878101211,3.16164787276491,5,0
79286,120.10524378001,3.3977508780172,5,0
80975,296.310135043018,6.81549875668216,5,0
86819,105.392788080186,2.81035704139254,5,0
93653,137.263177920475,4.98522889049256,5,0
95240,198.606578148577,4.75672924854981,5,0
95553,265.734473234554,2.79352121009215,5,0
97173,199.453473912399,3.24542418719284,5,0
98043,191.672363933518,6.40437758071725,5,0
103803,100.294533019702,2.93775452642599,5,0
104089,213.331352022326,2.69570665781378,5,0
108257,56.6262109651497,2.99863852236467,5,0
111890,266.906563653448,6.59629005084069,5,0
113384,170.087751545101,2.85764909983311,5,0
114478,226.752736743752,2.79029504858433,5,0
115617,273.534507955173,4.17193447567926,5,0
116923,238.231431588981,3.01672886288022,5,0
117886,232.337396384523,4.48275459821664,5,0
119889,317.311332936184,3.04070337490105,5,0
120297,127.195915605693,3.51228036310853,5,0
120321,65.1008848698707,3.02240571901313,5,0
120568,65.5679438214654,2.93629629435893,5,0
121692,178.147219607767,5.30051825551306,5,0
122221,55.1616565800878,2.87334854814639,5,0
122240,185.733373920101,5.23643579843232,5,0
131514,176.511359336805,5.53341351920936,5,0
137101,111.642819297768,3.32905965567172,5,0
137238,171.174060033729,3.94556424513694,5,0
137676,241.245937721845,4.49589085223342,5,0
139814,117.565072688761,3.50816343708847,5,0
140056,96.1399313127262,2.91522066056637,5,0
140515,186.80279759138,3.74411220733051,5,0
140879,122.982464397743,3.56230442941891,5,0
143250,71.7250064686593,2.44632004045723,5,0
144836,219.902183666345,2.84744959490165,5,0
144886,1203.80157746329,24.5595799785714,5,0
148770,163.316311959199,4.42706763693719,5,0
148957,232.742074850569,4.58087004963629,5,0
150047,183.258031334218,5.42530198342541,5,0
150902,231.174971312317,4.07003039564766,5,0
151170,130.989614307271,4.04894978892927,5,0
151924,136.89853364858,4.3322174904222,5,0
152486,168.91821517085,5.4549263145206,5,0
153302,217.969489700934,2.78766859862505,5,0
153700,111.532316158467,4.56337093695201,5,0
155567,62.8385476594997,3.07108414379746,5,0
157489,255.869051229943,3.18275458305019,5,0
159865,126.419842956263,4.57457669616054,5,0
159971,215.014806425912,3.77013290879552,5,0
160334,207.981908249789,3.5478227021537,5,0
162250,112.406569822307,4.18166621866602,5,0
163180,213.746543871852,4.85981106606875,5,0
165864,241.506893221391,3.53245117524538,5,0
167192,162.158640853548,4.07061254842743,5,0
168546,148.338947342633,5.91124314979631,5,0
178033,179.14921839667,2.41225916076375,5,0
199240,176.773470059137,3.36993203461887,5,0
4494,2472.05525664629,30.1683408075703,5,0
5495,167.150751956115,3.2001096655054,5,0
11612,178.181315315732,2.3630293320192,5,0
26646,197.115071379631,2.64079535196301,5,0
29977,166.383904498955,1.6869703835762,5,0
32256,4437.39644748805,18.9423136851829,5,0
35239,177.474382073401,2.50353376213527,5,0
41778,3269.42414964545,27.1157258469929,5,0
43816,159.631709532813,2.08465803147891,5,0
56324,2490.6219480171,31.7013854680966,5,0
59317,170.567285346773,2.93403131507477,5,0
59714,175.909607147279,2.58413224911615,5,0
61730,1965.84254300999,29.6176104284905,5,0
72479,169.016904688794,2.11800014665813,5,0
72945,1006.81068547027,25.2675555289678,5,0
77319,161.11662489254,2.49988013385153,5,0
79599,159.653591418753,2.28541992745989,5,0
80516,1516.75457622249,25.1948968345699,5,0
81674,1126.030024972,18.758972378926,5,0
89138,170.334389430518,1.60711522425286,5,0
92756,166.807817562391,2.40961627369721,5,0
95518,3458.17866481144,22.9878432487969,5,0
105111,1305.42078284128,23.5039001474586,5,0
123208,2423.02467608377,30.6619569289637,5,0
126826,3443.85714201148,25.3594786719139,5,0
135608,153.886848288369,3.7437593866041,5,0
146582,163.138615874427,2.19673392719145,5,0
152248,1145.30917898271,24.8274054932077,5,0
156494,152.601997471348,3.42564467085946,5,0
157813,161.25427929686,2.39517079220455,5,0
159889,166.609627570877,2.09930831484092,5,0
168916,151.301917313116,2.37384308331393,5,0
169902,346.604657459736,1.65520295891255,5,0
172580,733.202474569395,7.66927680678121,5,0
172819,179.05362822011,2.37390685448844,5,0
173775,3214.64936116584,20.5573846026409,5,0
175998,2663.40550727237,19.9806585535212,5,0
178491,174.36722638717,2.89473974598081,5,0
178806,511.040619088241,7.6422650717885,5,0
178936,227.246355358126,4.08668819178348,5,0
179042,184.181076278269,1.50153813717498,5,0
179693,1820.2350198832,19.2657743825846,5,0
182403,234.339825485863,3.02965825529717,5,0
182891,204.259999299851,3.32313271627323,5,0
185114,143.094804606341,0.0910003359763318,5,0
185661,937.145297495659,24.3529352716331,5,0
186125,3672.64442038974,19.6916157765531,5,0
187971,181.628174461111,2.96633782458113,5,0
188731,186.496837437418,3.02498260663754,5,0
189728,1085.04227994911,24.3744272073045,5,0
192534,2756.85532205181,4.54991915211315,5,0
194714,140.488611206507,1.46173288083481,5,0
195405,137.399288369084,1.43614780019658,5,0
196348,190.38110111091,1.81001452078489,5,0
198577,171.781540046811,1.87536475876741,5,0
72,2802.07489982804,11.1968703370862,5,0
1003,205.560716294277,3.83715597820122,5,0
2928,164.63265902214,1.46485984023128,5,0
3591,148.260703154966,1.71600115516274,5,0
5906,174.790912015145,2.5584825943252,5,0
6928,210.906777352484,2.54837224995928,5,0
7836,174.577663424824,2.17109862666228,5,0
8172,141.534219298212,1.91396932813252,5,0
8893,2696.80608687304,16.7997284444211,5,0
11910,1288.79523167572,23.6223287867104,5,0
12643,144.702287540407,1.5415664594551,5,0
12991,270.630146252561,5.10108675956074,5,0
13984,156.826650480327,1.29748187953016,5,0
14192,158.083005455891,1.92033592311798,5,0
14600,177.914214623268,2.07278303846677,5,0
16075,229.880828528093,3.01382042493567,5,0
16157,204.821841840375,2.17850021414248,5,0
17377,541.844899674979,10.2955556637325,5,0
17613,161.309857444231,2.07614919032563,5,0
18194,2267.79243946647,18.6790760466594,5,0
18589,179.314421398116,2.91128015534762,5,0
18923,201.691746277608,2.93951484165052,5,0
24064,189.412167635848,2.63633038730015,5,0
24183,3767.57920706856,17.6421069035302,5,0
25588,146.901359000581,2.28669320854828,5,0
25784,191.725854738587,2.59231763967822,5,0
26084,177.183546963675,1.83227388604474,5,0
27449,1073.55023127108,9.84515691176756,5,0
27948,1252.46987008568,21.8738492708249,5,0
29115,177.470582840317,3.48238470449706,5,0
29136,196.860144096778,2.70709530770039,5,0
31593,233.935998844025,6.52594077583928,5,0
32957,167.060734216083,1.49365696295791,5,0
35910,550.16068161475,4.13015330644353,5,0
38187,203.373627547751,2.60670007318973,5,0
39532,187.263367555308,2.87331587875042,5,0
39738,168.23624622985,2.1440670943122,5,0
40711,157.868185720111,1.93448890664344,5,0
41085,731.012132282721,18.9971878630146,5,0
42160,3408.87653827458,17.7614153177878,5,0
43570,137.232006087386,3.4153637637961,5,0
45800,880.687052220127,24.8527265895788,5,0
46866,142.221195762167,1.65601113760475,5,0
49749,194.632644052239,3.22336137753239,5,0
49976,428.145126461798,2.52870802784875,5,0
51272,858.775479847884,24.505877258733,5,0
51444,140.739837074477,1.62672829427981,5,0
51518,381.088352905854,2.14547126287255,5,0
53001,3397.90912871364,24.1146085455974,5,0
55020,144.027053598355,2.94024141257003,5,0
55426,168.620374125993,2.86425056192536,5,0
55812,922.929583271371,25.3758426740121,5,0
56853,193.313732542414,2.94366270788083,5,0
58157,161.727187081561,1.97530930937779,5,0
58301,150.650530768086,1.55299067817141,5,0
58429,3093.20046035754,10.0061796306362,5,0
59278,153.987479113574,1.63169150789145,5,0
63855,1629.08871571571,16.3794770628907,5,0
64266,214.311478823338,2.96062470116172,5,0
66993,151.555042324304,3.30715257122768,5,0
67075,473.770135077899,5.42422644249453,5,0
68312,2724.84892129231,21.9278806734856,5,0
73542,150.250026833776,2.69085721884806,5,0
74595,171.701750470364,2.01245812733102,5,0
76296,284.514691380911,2.1283744313246,5,0
76352,139.754452740085,2.43788573027777,5,0
78717,2566.56082130193,18.923194032588,5,0
86570,172.336268006154,3.16579474244311,5,0
87944,2634.97958060979,16.8699792659145,5,0
89002,195.176856644167,3.00098058614325,5,0
90211,174.42284582078,2.43290646227207,5,0
91248,204.452553622513,2.43910971891031,5,0
92043,769.385133512806,22.7955536668735,5,0
93043,203.651974301139,2.80474170299388,5,0
95053,159.28577844808,1.75730179691259,5,0
95337,184.924373806662,2.85865958337382,5,0
96462,219.121961657595,4.02188827598076,5,0
96524,158.441111964304,2.24126408792761,5,0
97977,183.07295332904,3.20426163885078,5,0
98518,2319.63422866525,19.3215265017845,5,0
99128,170.780231936456,2.67293944796959,5,0
100874,168.473844318446,2.6785880645546,5,0
101328,154.118143801075,1.60748048079008,5,0
105966,1060.31462383204,23.0421238844375,5,0
107422,1456.06465097453,25.4220738782347,5,0
107504,3114.40916020352,14.9974717643442,5,0
108107,210.891697063584,3.30002025601666,5,0
109199,3763.80052630976,20.8219406516624,5,0
111881,144.579869450429,2.25941676411961,5,0
111974,562.160472697504,15.184289392883,5,0
112177,149.470772283935,1.97712151573718,5,0
113274,1485.90741530283,19.9746242896024,5,0
114427,1249.39002354848,23.7404165773776,5,0
115788,1340.16612344687,21.4492507826521,5,0
117342,1710.98410919265,20.9096478814913,5,0
118589,141.148134275618,1.48548066935962,5,0
119424,232.187084866948,4.05068637890456,5,0
121032,199.963460758239,2.56016375670771,5,0
124396,166.780589514503,2.74147840109898,5,0
125838,197.429730913206,2.48596999321664,5,0
126844,294.831675048828,6.43407337388679,5,0
132167,239.535858544542,3.04059017629767,5,0
132745,362.639167692705,11.9501620581446,5,0
138003,196.230792445646,2.89830659979369,5,0
138642,182.546718005166,2.59060201409389,5,0
142499,1903.62075710356,19.3041761098091,5,0
143547,142.96952258947,2.87668015429487,5,0
145309,189.445613626186,2.68886158352431,5,0
145424,2172.34373969146,18.5759091096451,5,0
146061,1582.1815236264,21.7037512977556,5,0
146306,2548.9515162321,22.878759875411,5,0
146753,150.257119616433,1.57963057670781,5,0
147730,212.185293063543,3.19783033356101,5,0
150398,1666.12888054241,25.4831842133875,5,0
153094,153.307583716476,2.28056345660912,5,0
153528,149.558676156628,1.93401079718774,5,0
156773,170.539896337004,2.44224635715298,5,0
158015,225.653534691346,3.6197379283323,5,0
158699,188.994383578567,3.15393424709963,5,0
158715,206.983990088598,2.65012111714328,5,0
159422,2575.10081671744,22.16390953299,5,0
159510,1496.03904333985,23.9689027001293,5,0
159722,2842.23931848337,25.624096074438,5,0
161973,223.919296866889,2.75026140131499,5,0
163771,210.163222584997,3.00701772363663,5,0
164935,141.018250266577,2.61293363779898,5,0
165453,203.917562800084,3.81360255151585,5,0
166395,1996.13223533962,21.6671490544122,5,0
167334,140.551266253466,2.5199654226342,5,0
199659,137.818302055284,2.48391033365766,5,0
60154,202.391787634812,2.78891232657172,5,0
74437,171.109347698637,2.8700990323097,5,0
83436,171.788801389188,2.47873757392553,5,0
105100,186.725934464601,2.5510572618776,5,0
118799,161.457608408909,3.3094832007517,5,0
